,Time,Risk Set,S(t),Upper CI,Lower CI
0,0.0,2982,1.0,1.0,1.0
1,0.12320328752199801,2981,0.9996645420999665,0.9996645420999665,0.9996645420999665
2,0.17522245645523096,2980,0.9993290841999328,0.9999858098902054,0.9986723585096603
3,0.20260095596313502,2979,0.9989936262998993,0.9999219090160582,0.9980653435837404
4,0.26557153463363603,2978,0.9986581683998658,0.9997945052254811,0.9975218315742505
5,0.27652293443679804,2976,0.9979870271576615,0.9992976129437888,0.9966764413715342
6,0.38603695233662894,2975,0.9976515693334068,0.9992563427891409,0.9960467958776728
7,0.41341547171274795,2973,0.9969804280153218,0.9987117133112361,0.9952491427194076
8,0.418891151746114,2972,0.996644970266999,0.998607507460128,0.99468243307387
9,0.449007511138916,2971,0.9963095125186763,0.9983771328499605,0.994241892187392
10,0.48459959030151395,2970,0.9959740547703535,0.9981414713966693,0.9938066381440377
11,0.50924022992452,2969,0.9956385970220307,0.9979012229519274,0.993375971092134
12,0.542094469070435,2968,0.995303139273708,0.9976569443856352,0.9929493341617807
13,0.558521548906962,2967,0.9949676815253852,0.9974090874566646,0.9925262755941058
14,0.5749486684799189,2966,0.9946322237770624,0.9971580246832453,0.9921064228708795
15,0.5804243485132851,2965,0.9942967660287396,0.9969040675578478,0.9916894644996315
16,0.588637908299764,2964,0.9939613082804168,0.9966474797061692,0.9912751368546645
17,0.59411362806956,2962,0.9932901662761762,0.9960509360209994,0.990529396531353
18,0.610540707906087,2961,0.9929547086043504,0.9958639091333298,0.9900455080753711
19,0.624229987462362,2960,0.9926192509325247,0.9955987692472181,0.9896397326178312
20,0.63244354724884,2959,0.9922837932606989,0.9953318680658626,0.9892357184555353
21,0.635181387265523,2958,0.9919483355888731,0.9950633220215077,0.9888333491562384
22,0.6543463468551639,2957,0.9916128779170472,0.9947932350710352,0.9884325207630592
23,0.670773426691691,2956,0.9912774202452214,0.9945217004948622,0.9880331399955805
24,0.687200546264648,2955,0.9909419625733956,0.9942488023752353,0.987635122771556
25,0.69815198580424,2954,0.9906065049015698,0.9939746168211273,0.9872383929820122
26,0.700889825820923,2953,0.990271047229744,0.9936992129909057,0.9868428814685823
27,0.7145790259043381,2952,0.9899355895579183,0.9934226539521521,0.9864485251636844
28,0.728268305460612,2951,0.9896001318860925,0.9931449974092637,0.9860552663629214
29,0.744695425033569,2950,0.9892646742142668,0.992866296322875,0.9856630521056585
30,0.7474332650502521,2949,0.9889292165424409,0.9925865994401426,0.9852718336447392
31,0.7501711050669351,2948,0.9885937588706151,0.9923059517510902,0.98488156599014
32,0.7693360646565759,2947,0.9882583011987892,0.9920243948832456,0.9844922075143329
33,0.785763184229533,2946,0.9879228435269634,0.9917419674444742,0.9841037196094525
34,0.8104038238525391,2945,0.9875873858551375,0.9914587053220902,0.9837160663881848
35,0.815879503885905,2944,0.9872519281833118,0.9911746419448777,0.9833292144217458
36,0.818617423375448,2943,0.9869164705114859,0.9908898085134922,0.9829431325094796
37,0.837782303492228,2942,0.98658101283966,0.9906042342037926,0.9825577914755275
38,0.840520222981771,2941,0.9862455551678343,0.9903179463468891,0.9821731639887795
39,0.845995903015137,2940,0.9859100974960086,0.9900309705890891,0.981789224402928
40,0.8487337430318199,2939,0.9855746398241827,0.9897433310344204,0.981405948613945
41,0.8651608626047769,2938,0.985239182152357,0.9894550503719967,0.9810233139327172
42,0.8733743826548259,2937,0.9849037244805311,0.9891661499901516,0.9806412989709106
43,0.8898015022277829,2936,0.9845682668087054,0.9888766500789853,0.9802598835384254
44,0.9089664618174229,2934,0.9838971227958841,0.9882479140665174,0.979546331525251
45,0.9144421418507891,2933,0.9835616652020226,0.9880045724287004,0.9791187579753448
46,0.925393581390381,2932,0.9832262076081612,0.9877128547341892,0.9787395604821331
47,0.9363449414571129,2931,0.9828907500142996,0.9874206234482745,0.9783608765803247
48,0.944558540980021,2930,0.982555292420438,0.9871278932300157,0.9779826916108604
49,0.9555099010467529,2929,0.9822198348265765,0.9868346780304936,0.9776049916226593
50,0.969199180603027,2928,0.981884377232715,0.9865409911400402,0.9772277633253899
51,0.97193702061971,2927,0.9815489196388535,0.9862468452314865,0.9768509940462204
52,0.980150620142619,2926,0.981213462044992,0.9859522523998315,0.9764746716901526
53,0.9828884601593021,2925,0.9808780044511305,0.9856572241986857,0.9760987847035753
54,0.9883641401926679,2923,0.9802068597337503,0.9850227854077813,0.9753909340597193
55,1.00205341974894,2922,0.979871402218441,0.9847694616687205,0.9749733427681616
56,1.00752909978231,2921,0.9795359447031318,0.984472797344685,0.9745990920615786
57,1.01848045984904,2920,0.9792004871878225,0.9841757483981246,0.9742252259775204
58,1.0212183793385798,2918,0.978529342234301,0.9835391984338374,0.9735194860347646
59,1.02395621935527,2917,0.9781938847978134,0.983282204760596,0.9731055648350309
60,1.034907579422,2916,0.9778584273613259,0.9829837027150784,0.9727331520075734
61,1.0376454194386802,2915,0.9775229699248382,0.9826848573311842,0.9723610825184923
62,1.04312117894491,2914,0.9771875124883507,0.982385675945312,0.9719893490313893
63,1.04585901896159,2913,0.9768520550518631,0.9820861656247769,0.9716179444789493
64,1.04859685897827,2912,0.9765165976153756,0.9817863331815322,0.971246862049219
65,1.0650239785512299,2911,0.976181140178888,0.9814861851850033,0.9708760951727727
66,1.06776181856791,2910,0.9758456827424005,0.981185727974101,0.9705056375107
67,1.07597533861796,2909,0.9755102253059129,0.9808849676684789,0.970135482943347
68,1.07871317863464,2908,0.9751747678694254,0.9805839101790925,0.9697656255597582
69,1.08692677815755,2907,0.9748393104329378,0.9802825612181105,0.9693960596477651
70,1.10609173774719,2906,0.9745038529964501,0.9799809263082284,0.9690267796846719
71,1.11430525779724,2905,0.9741683955599626,0.9796790107914269,0.9686577803284983
72,1.1307323773702,2904,0.973832938123475,0.9793768198372145,0.9682890564097356
73,1.14442165692647,2903,0.9734974806869875,0.9790743584503923,0.9679206029235827
74,1.1663244565328001,2902,0.9731620232504999,0.9787716314783734,0.9675524150226265
75,1.1854894161224399,2901,0.9728265658140123,0.9784686436180889,0.9671844880099356
76,1.1909650961558,2900,0.9724911083775247,0.9781653994225075,0.966816817332542
77,1.1964407761891698,2899,0.9721556509410372,0.9778619033067943,0.96644939857528
78,1.2046543757120802,2897,0.9714845044785305,0.9772185071621052,0.9657505017949558
79,1.20739221572876,2896,0.9711490471220118,0.9769497598510133,0.9653483343930103
80,1.21286789576213,2893,0.9701419793234062,0.975965620967693,0.9643183376791193
81,1.21834357579549,2892,0.9698065222074576,0.9757299726776417,0.9638830717372734
82,1.22108141581217,2891,0.9694710650915089,0.9754246044413397,0.9635175257416781
83,1.22381933530172,2890,0.9691356079755603,0.9751190187062467,0.9631521972448739
84,1.2265571753184,2889,0.9688001508596117,0.9748132187836306,0.9627870829355928
85,1.2292950153350801,2888,0.9684646937436631,0.9745072078967058,0.9624221795906204
86,1.23203285535177,2887,0.9681292366277144,0.9742009891839118,0.962057484071517
87,1.23477069536845,2886,0.9677937795117658,0.9738945657020373,0.9616929933214944
88,1.25667349497477,2884,0.9671226326466398,0.9732479976948306,0.960997267598449
89,1.27036277453105,2882,0.9664514857815137,0.9726339203483352,0.9602690512146923
90,1.27310061454773,2881,0.9661160288270599,0.9723590968099689,0.959872960844151
91,1.27583845456441,2879,0.9654448818810183,0.9717114557179442,0.9591783080440924
92,1.2813141345977799,2878,0.9651094250075364,0.9714355737130406,0.9587832763020322
93,1.2867898941040001,2877,0.9647739681340545,0.9711274322147382,0.9584205040533708
94,1.29226557413737,2876,0.9644385112605725,0.9708191126269157,0.9580579098942292
95,1.3059548536936398,2875,0.9641030543870905,0.9705106172774105,0.9576954914967706
96,1.31143053372701,2874,0.9637675975136085,0.970201948440481,0.957333246586736
97,1.32785765329997,2873,0.9634321406401266,0.9698931083385399,0.9569711729417133
98,1.33059549331665,2872,0.9630966837666447,0.9695840991438146,0.9566092683894748
99,1.33333333333333,2871,0.9627612268931628,0.9692749229799407,0.9562475308063849
100,1.3415468533833799,2870,0.9624257700196809,0.9689655819234898,0.955885958115872
101,1.34702253341675,2868,0.9617546223418428,0.9683158061709274,0.9551934385127583
102,1.3497603734334298,2867,0.9614191655499552,0.9680363944939776,0.9548019366059328
103,1.35249821345011,2866,0.9610837087580676,0.9677264135911653,0.9544410039249699
104,1.3607118924458799,2865,0.96074825196618,0.9674162775248114,0.9540802264075485
105,1.3689254124959298,2864,0.9604127951742923,0.9671059881178978,0.9537196022306869
106,1.37713893254598,2863,0.9600773383824047,0.9667955471554771,0.9533591296093323
107,1.41820669174194,2862,0.9597418815905171,0.9664849563857841,0.9529988067952501
108,1.42368237177531,2861,0.9594064247986295,0.9661742175213054,0.9526386320759536
109,1.4510609308878601,2860,0.9590709680067417,0.9658633322398092,0.9522786037736742
110,1.4592744509379099,2859,0.9587355112148541,0.965552302185338,0.9519187202443702
111,1.4757016499837199,2858,0.9584000544229665,0.965241128969163,0.95155897987677
112,1.4784394900004099,2857,0.9580645976310789,0.964929814170706,0.9511993810914517
113,1.4893908500671398,2856,0.9577291408391913,0.9646183593384268,0.9508399223399557
114,1.50308005015055,2855,0.9573936840473036,0.9643067659906792,0.950480602103928
115,1.5058178901672399,2854,0.957058227255416,0.9639950356165369,0.9501214188942951
116,1.5112935702006,2853,0.9567227704635284,0.9636831696765902,0.9497623712504666
117,1.5249829292297399,2852,0.9563873136716408,0.9633711696037146,0.9494034577395669
118,1.5277207692464199,2851,0.9560518568797531,0.9630590368038137,0.9490446769556926
119,1.5331964492797898,2849,0.9553807078050746,0.9624061424500302,0.9483552731601189
120,1.54414780934652,2848,0.9550452510958733,0.9621216558966837,0.947968846295063
121,1.5523613293965701,2847,0.9547097943866721,0.9618090056240378,0.9476105831493065
122,1.55783716837565,2846,0.9543743376774709,0.9614962292755138,0.947252446079428
123,1.5605750083923302,2845,0.9540388809682697,0.9611833281093792,0.9468944338271602
124,1.5715263684590701,2843,0.953367731562031,0.9605295662334377,0.9462058968906244
125,1.5770020484924299,2842,0.9530322749358656,0.9602436867494379,0.9458208631222933
126,1.5906912485758502,2840,0.9523611254464742,0.9595895088044305,0.9451327420885179
127,1.59342908859253,2839,0.9520256689035201,0.9593029642724615,0.9447483735345787
128,1.5961670875549299,2836,0.9510185895640594,0.9583073013978997,0.9437298777302191
129,1.5989049275716103,2834,0.9503474402418547,0.9577058081936382,0.9429890722900712
130,1.6016427675883,2833,0.9500119840328035,0.9574179908865,0.942605977179107
131,1.60711844762166,2832,0.9496765278237523,0.9571035716029807,0.942249484044524
132,1.61259412765503,2831,0.9493410716147012,0.9567890430056698,0.9418931002237325
133,1.61533196767171,2830,0.9490056154056501,0.9564744060681353,0.9415368247431649
134,1.6208076477050801,2829,0.948670159196599,0.9561596617483635,0.9411806566448345
135,1.63175900777181,2828,0.948334702987548,0.9558448109891136,0.9408245949859824
136,1.6372348467509,2826,0.9476635531623622,0.9551888287573327,0.9401382775673917
137,1.64544836680094,2824,0.9469924033371763,0.9545583657189813,0.9394264409553712
138,1.65092404683431,2823,0.94665694729632,0.9542685822469393,0.9390453123457007
139,1.65913756688436,2822,0.9463214912554637,0.9539531116960853,0.9386898708148421
140,1.6618754069010402,2821,0.9459860352146076,0.9536375409089702,0.9383345295202449
141,1.66461324691772,2820,0.9456505791737514,0.9533218707180556,0.9379792876294472
142,1.6673510869344101,2819,0.9453151231328952,0.9530061019433352,0.9376241443224552
143,1.6700889269510901,2817,0.9446439728857295,0.9523490639608095,0.9369388818106495
144,1.69199180603027,2816,0.9443085169294491,0.9520580054318144,0.9365590284270837
145,1.69472964604696,2815,0.9439730609731686,0.9517418502187791,0.936204271727558
146,1.7002053260803203,2814,0.9436376050168881,0.9514256003451347,0.9358496096886415
147,1.71663236618042,2813,0.9433021490606076,0.9511092565613755,0.9354950415598398
148,1.7275838851928702,2812,0.9429666931043271,0.9507928196072415,0.9351405666014128
149,1.73305956522624,2811,0.9426312371480466,0.9504762902119366,0.9347861840841567
150,1.74127308527629,2810,0.9422957811917663,0.9501596690943429,0.9344318932891896
151,1.74948660532633,2809,0.9419603252354859,0.9498429569632278,0.934077693507744
152,1.75222444534302,2808,0.9416248692792054,0.9495261545174473,0.9337235840409636
153,1.7631759643554699,2807,0.9412894133229249,0.9492092624461423,0.9333695641997075
154,1.7768651644388798,2806,0.9409539573666444,0.9488922814289323,0.9330156333043566
155,1.77960300445557,2804,0.9402828061845,0.9482338386184087,0.9323317737505913
156,1.78234084447225,2802,0.9396116550023554,0.9475991984037148,0.9316241116009961
157,1.79329220453898,2801,0.9392761992169208,0.947305646425189,0.9312467520086527
158,1.7960300445556598,2800,0.9389407434314863,0.9469881453994792,0.9308933414634933
159,1.8042437235514297,2799,0.9386052876460517,0.9466705599357269,0.9305400153563764
160,1.81245724360148,2798,0.9382698318606171,0.9463528906437112,0.930186773077523
161,1.82340860366821,2797,0.9379343760751825,0.9460351381252164,0.9298336140251485
162,1.8453114827473998,2796,0.9375989202897479,0.9457173029741816,0.9294805376053142
163,1.85352500279744,2795,0.9372634645043133,0.9453993857768466,0.92912754323178
164,1.8590006828308099,2793,0.9365923127216392,0.9447398495427747,0.9284447759005038
165,1.86721420288086,2792,0.9362568570222404,0.9444449364412841,0.9280687776031966
166,1.86995204289754,2790,0.9355857051534072,0.9437851154700342,0.9273862948367803
167,1.88090356190999,2789,0.9352502495402293,0.9434897684319735,0.927010730648485
168,1.88637924194336,2788,0.9349147939270512,0.9431712926335055,0.926658295220597
169,1.88911708196004,2787,0.9345793383138732,0.9428527392196117,0.9263059374081347
170,1.89459276199341,2786,0.9342438827006952,0.9425341087132374,0.9259536566881531
171,1.9137576421101898,2784,0.9335727304861114,0.9418737341615898,0.9252717268106331
172,1.92197132110596,2783,0.9332372749595265,0.9415775469665917,0.9248970029524612
173,1.9329226811726898,2782,0.9329018194329415,0.9412586131606326,0.9245450257052503
174,1.94387404123942,2781,0.9325663639063565,0.9409396047836996,0.9241931230290134
175,1.9466118812561002,2779,0.9318952114314328,0.9402787842507029,0.9235116386121628
176,1.9493497212727902,2778,0.9315597559917527,0.9399819233884863,0.923137588595019
177,1.95482540130615,2777,0.9312243005520725,0.939662621502328,0.922785979601817
178,1.95756324132284,2776,0.9308888451123923,0.9393432474195368,0.9224344428052479
179,1.96303908030192,2775,0.9305533896727122,0.9390238015982518,0.9220829777471725
180,1.9685147603352902,2773,0.9298822368492915,0.9383624630984948,0.9214020106000882
181,1.97125260035197,2772,0.9295467814968927,0.9380648235154202,0.9210287394783653
182,1.97672828038534,2771,0.929211326144494,0.9377450951920729,0.920677557096915
183,1.9794661204020199,2769,0.9285401731461953,0.9370834212539259,0.9199969250384648
184,1.9822039604187,2767,0.9278690201478966,0.936443376254911,0.9192946640408822
185,1.98767964045207,2765,0.927197867149598,0.935803058007852,0.9185926762913439
186,1.9986310005188,2764,0.9268624120601806,0.935504426639869,0.9182203974804922
187,2.00410683949788,2762,0.9261912589739676,0.9348421835789078,0.9175403343690274
188,2.00684467951457,2761,0.9258558039725283,0.9345431931976622,0.9171684147473944
189,2.01505819956462,2760,0.925520348971089,0.9342227227782317,0.9168179751639464
190,2.0177960395813,2759,0.9251848939696498,0.9339021872876437,0.9164676006516558
191,2.02600955963135,2758,0.9248494389682105,0.9335815871045823,0.9161172908318387
192,2.0287473996480303,2757,0.9245139839667712,0.9332609226036956,0.9157670453298468
193,2.0342230796813996,2756,0.9241785289653318,0.9329401941556577,0.915416863775006
194,2.03696091969808,2755,0.9238430739638924,0.9326194021272289,0.9150667458005559
195,2.0424367586771597,2754,0.9235076189624531,0.9322985468813163,0.91471669104359
196,2.0479124387105303,2753,0.9231721639610139,0.93197762877703,0.9143666991449977
197,2.0533881187438996,2752,0.9228367089595745,0.9316566481697419,0.914016769749407
198,2.05612595876058,2750,0.9221655549894221,0.9309934779567166,0.9133376320221276
199,2.06160163879395,2747,0.9211584575504093,0.9300085634237878,0.9123083516770307
200,2.0752908388773603,2743,0.9198151714293004,0.9287012811713914,0.9109290616872093
201,2.08624235788981,2742,0.9194797173186405,0.9284412873095171,0.9105181473277639
202,2.0944558779398603,2741,0.9191442632079807,0.9281196415379258,0.9101688848780356
203,2.09719371795654,2740,0.9188088090973209,0.927797937260937,0.9098196809337048
204,2.09993155797323,2739,0.918473354986661,0.9274761747899892,0.9094705351833329
205,2.10540723800659,2738,0.9181379008760012,0.927154354433477,0.9091214473185254
206,2.10814507802327,2737,0.9178024467653414,0.9268324764967936,0.9087724170338892
207,2.12457227706909,2736,0.9174669926546816,0.9265105412823724,0.9084234440269907
208,2.13826147715251,2734,0.9167958390389868,0.925846220486509,0.9077454575914645
209,2.14647499720256,2733,0.9164603850181162,0.9255441739989188,0.9073765960373137
210,2.14921283721924,2731,0.9157892313125006,0.924879647206981,0.9066988154180201
211,2.1601641972859698,2730,0.9154537773816168,0.9245773013607508,0.9063302534024829
212,2.16564003626506,2728,0.9147826235858825,0.923912571457807,0.9056526757139579
213,2.16837787628174,2727,0.9144471697451836,0.9236099310890684,0.9052844084012988
214,2.17111571629842,2725,0.913776015859132,0.922945000882902,0.9046070308353621
215,2.1820670763651497,2724,0.9134405621088167,0.9226420706900652,0.9042390535275683
216,2.18754275639852,2723,0.9131051083585013,0.9223194171183983,0.9038907995986044
217,2.19301843643188,2722,0.9127696546081859,0.9219967102160822,0.9035425990002897
218,2.19849411646525,2721,0.9124342008578705,0.9216739502457185,0.9031944514700225
219,2.20396995544434,2719,0.9117630466093543,0.9210086274863183,0.9025174657323902
220,2.21492131551107,2718,0.9114275929498218,0.9207051312835944,0.9021500546160491
221,2.21765915552775,2717,0.9110921392902893,0.9203821616239546,0.901802116956624
222,2.2203969955444305,2716,0.9107566856307568,0.9200591401746604,0.9014542310868533
223,2.22861051559448,2715,0.9104212319712243,0.9197360671844962,0.9011063967579523
224,2.23134835561117,2714,0.9100857783116917,0.9194129429000469,0.9007586137233364
225,2.23408619562785,2713,0.9097503246521591,0.919089767565727,0.9004108817385912
226,2.23682403564453,2712,0.9094148709926265,0.9187665414238071,0.900063200561446
227,2.23956187566121,2711,0.909079417333094,0.9184432647144424,0.8997155699517457
228,2.2422997156779,2710,0.9087439636735616,0.9181199376756981,0.8993679896714251
229,2.2450377146402998,2709,0.908408510014029,0.917796560543577,0.8990204594844811
230,2.24777555465698,2708,0.9080730563544965,0.9174731335520449,0.8986729791569482
231,2.25051339467367,2706,0.907401901102202,0.9168069950527908,0.8979968071516131
232,2.25325123469035,2705,0.9070664475343269,0.9165023305665538,0.8976305645020999
233,2.25598907470703,2704,0.9067309939664517,0.9161787064464199,0.8972832814864836
234,2.2614647547404,2702,0.9060598385305032,0.915512326008787,0.8966073510522194
235,2.26420259475708,2701,0.905724385054557,0.9152073169090745,0.8962414532000395
236,2.28062963485718,2700,0.9053889315786109,0.9148834992504074,0.8958943639068144
237,2.28336763381958,2699,0.9050534781026648,0.9145596337512135,0.8955473224541161
238,2.28610547383626,2698,0.9047180246267187,0.9142357206264189,0.8952003286270185
239,2.30253251393636,2697,0.9043825711507725,0.9139117600891712,0.8948533822123738
240,2.30527035395304,2696,0.9040471176748264,0.9135877523508619,0.8945064829987909
241,2.31348387400309,2694,0.9033759616854612,0.9129208998224321,0.8938310235484903
242,2.31622171401978,2693,0.9030405083019909,0.9126152211019124,0.8934657955020694
243,2.3271732330322297,2691,0.9023693522200125,0.9119481955167102,0.8927905089233147
244,2.33264891306559,2689,0.901698196138034,0.9112994188933515,0.8920969733827165
245,2.33812459309896,2688,0.901362742940066,0.9109933342088425,0.8917321516712895
246,2.3463381131490095,2687,0.901027289742098,0.9106689109403446,0.8913856685438514
247,2.3655031522115095,2686,0.90069183654413,0.9103444424936332,0.8910392305946268
248,2.37097883224487,2685,0.900356383346162,0.9100199290620886,0.8906928376302353
249,2.3791923522949197,2684,0.900020930148194,0.909695370837567,0.8903464894588209
250,2.3874058723449703,2683,0.8996854769502259,0.9093707680104178,0.890000185890034
251,2.4120465914408395,2681,0.8990143203094574,0.9087031800874507,0.8893254605314641
252,2.4229979515075697,2680,0.8986788672048643,0.9083964650096881,0.8889612694000406
253,2.42573579152425,2679,0.8983434141002712,0.908071685664125,0.8886151425364174
254,2.42847363154093,2676,0.8973363026494862,0.9070606414704631,0.8876119638285093
255,2.43668715159098,2674,0.8966651461030019,0.9064284292056022,0.8869018630004015
256,2.43942499160767,2672,0.8959939895565175,0.9057781437389482,0.8862098353740869
257,2.44216283162435,2671,0.8956585369209666,0.9054707457234874,0.8858463281184459
258,2.44490083058675,2670,0.8953230842854157,0.9051455798550896,0.8855005887157419
259,2.4503765106201203,2667,0.8943159717046673,0.9041339591726113,0.8844979842367232
260,2.45585219065348,2666,0.8939805193521899,0.9038438049148212,0.8841172337895586
261,2.45859003067017,2664,0.8933093628061297,0.903175309574088,0.8834434160381714
262,2.4640657107035295,2663,0.8929739105482228,0.9028673265209534,0.8830804945754923
263,2.4695413907369,2662,0.892638458290316,0.9025418287491391,0.8827350878314928
264,2.47227923075358,2660,0.8919673015547593,0.9018731279407378,0.8820614751687809
265,2.4750170707702597,2659,0.8916318493917075,0.9015648597553634,0.8816988390280516
266,2.4777549107869503,2657,0.890960692561153,0.9008960067973931,0.8810253783249128
267,2.4832305908203103,2656,0.8906252404931706,0.9005875278512111,0.8806629531351301
268,2.49144426981608,2655,0.8902897884251882,0.9002617481243312,0.8803178287260452
269,2.4969199498494503,2654,0.8899543363572059,0.8999359287331591,0.8799727439812527
270,2.5051334698995,2653,0.8896188842892235,0.899610069829816,0.8796276987486311
271,2.51334698994954,2650,0.8886117685711602,0.8985974067761527,0.8786261303661677
272,2.51608482996623,2649,0.8882763167898952,0.8983055426587171,0.8782470909210732
273,2.52156050999959,2647,0.8876051597692757,0.8976361940800546,0.8775741254584968
274,2.52429835001628,2645,0.8869340027486562,0.896983716540421,0.8768842889568914
275,2.52703634897868,2644,0.8865985511591143,0.8966744198631069,0.8765226824551218
276,2.53251202901204,2643,0.8862630995695725,0.8963481741186626,0.8761780250204824
277,2.53798770904541,2642,0.8859276479800307,0.8960218904683045,0.8758334054917568
278,2.54072554906209,2640,0.8852564906709549,0.8953522049155331,0.8751607764263767
279,2.54346338907878,2639,0.8849210391777109,0.8950425789448861,0.8747994994105357
280,2.5489390691121403,2638,0.8845855876844668,0.8947161450910806,0.8744550302778531
281,2.5626282691955597,2637,0.8842501361912228,0.8943896740219262,0.8741105983605195
282,2.56536610921224,2636,0.8839146846979787,0.8940631658727085,0.873766203523249
283,2.57905546824137,2635,0.8835792332047347,0.8937366207778109,0.8734218456316586
284,2.58453114827474,2634,0.8832437817114908,0.8934100388707225,0.8730775245522591
285,2.58726898829142,2633,0.8829083302182467,0.893083420284047,0.8727332401524464
286,2.59000682830811,2631,0.882237172232524,0.8924133127888663,0.8720610316761817
287,2.59274466832479,2630,0.8819017208362379,0.8921031099893559,0.8717003316831198
288,2.59822034835815,2629,0.8815662694399518,0.8917763460255791,0.8713561928543244
289,2.60643402735392,2628,0.8812308180436657,0.8914495460325084,0.8710120900548229
290,2.60917186737061,2625,0.8802236971087586,0.8904354501521847,0.8700119440653324
291,2.6146475474039703,2624,0.8798882460046775,0.8901412785271082,0.8696352134822468
292,2.6201232274373396,2621,0.8788811247768965,0.8891269638572308,0.8686352856965622
293,2.6255989074707,2620,0.878545673965913,0.8888324433771184,0.8682589045547076
294,2.6420259475708,2619,0.8782102231549295,0.8885053249695493,0.8679151213403097
295,2.64476378758748,2618,0.8778747723439458,0.8881781717725251,0.8675713729153666
296,2.64750178654989,2617,0.8775393215329623,0.8878509839055809,0.8672276591603437
297,2.6529774665832497,2615,0.8768681633520575,0.8871801567505586,0.8665561699535564
298,2.6611909866333,2613,0.8761970051711527,0.8865253520903278,0.8658686582519777
299,2.66392882664998,2611,0.875525846990248,0.8858704105099288,0.8651812834705673
300,2.6721423467000296,2609,0.8748546888093434,0.8852153329348232,0.8644940446838635
301,2.67488034566244,2608,0.8745192383918552,0.8849037992989854,0.864134677484725
302,2.6776180267333998,2607,0.874183787974367,0.8845762712970787,0.8637913046516553
303,2.6830937067667597,2606,0.8738483375568787,0.8842487098928944,0.8634479652208631
304,2.6858317057291696,2605,0.8735128871393906,0.8839211151973806,0.8631046590814005
305,2.68856938680013,2604,0.8731774367219024,0.8835934873208118,0.862761386122993
306,2.6940450668335,2603,0.8728419863044141,0.8832658263727952,0.8624181462360331
307,2.70773442586263,2602,0.8725065358869258,0.8829381324622765,0.8620749393115752
308,2.71047242482503,2601,0.8721710854694376,0.8826104056975463,0.8617317652413288
309,2.713210105896,2600,0.8718356350519493,0.8822826461862452,0.8613886239176534
310,2.7214237848917597,2599,0.871500184634461,0.88195485403537,0.861045515233552
311,2.7241614659627302,2598,0.8711647342169728,0.8816270293512795,0.8607024390826662
312,2.72689946492513,2597,0.8708292837994845,0.8812991722396998,0.8603593953592693
313,2.7323751449585,2596,0.8704938333819963,0.8809712828057302,0.8600163839582623
314,2.73511282602946,2591,0.8688139919435903,0.8792665966667966,0.858361387220384
315,2.7433265050252302,2590,0.8684785425258514,0.879000861128382,0.8579562239233208
316,2.7570158640543596,2589,0.8681430931081126,0.8786727487497235,0.8576134374665016
317,2.75975354512533,2588,0.8678076436903737,0.8783446048696202,0.8572706825111271
318,2.7624915440877302,2584,0.8664642882047848,0.8769840353005,0.8559445411090697
319,2.76522922515869,2583,0.8661288393901488,0.8767019634844518,0.8555557152958458
320,2.7816562652587904,2582,0.8657933905755129,0.8763736329307487,0.855213148220277
321,2.78439426422119,2581,0.8654579417608769,0.8760452715627135,0.8548706119590402
322,2.79260794321696,2580,0.8651224929462409,0.8757168794761063,0.8545281064163754
323,2.79534562428792,2579,0.8647870441316049,0.8753884567661457,0.8541856314970641
324,2.80355930328369,2576,0.8637799163628181,0.874371845510024,0.8531879872156123
325,2.80629698435465,2575,0.8634444678516092,0.8740737318808369,0.8528152038223815
326,2.80903498331706,2574,0.8631090193404004,0.8737451575996583,0.8524728810811425
327,2.8199863433837904,2572,0.8624378614715509,0.8730725630380554,0.8518031599050464
328,2.82272402445475,2571,0.8621024130617992,0.8727590109759302,0.8514458151476683
329,2.82546202341715,2570,0.8617669646520476,0.8724303170378992,0.851103612266196
330,2.83093770345052,2569,0.861431516242296,0.872101593400682,0.8507614390839099
331,2.8391513824462904,2568,0.8610960678325443,0.8717728401538323,0.8504192955112564
332,2.8555784225463903,2567,0.8607606194227926,0.8714440573864134,0.8500771814591718
333,2.86926778157552,2564,0.8597534892128595,0.8704268797148811,0.849080098710838
334,2.8720054626464804,2563,0.859418041109382,0.8701278983389386,0.8487081838798255
335,2.88021914164225,2562,0.8590825930059045,0.8697989694310633,0.8483662165807457
336,2.8829568227132203,2561,0.858747144902427,0.8694700115274941,0.8480242782773598
337,2.88569482167562,2559,0.8580759865242304,0.868796923963438,0.8473550490850229
338,2.8911705017089804,2558,0.8577405385232437,0.8684827191811076,0.8469983578653798
339,2.89390818277995,2557,0.8574050905222569,0.8681536461963987,0.8466565348481151
340,2.89938386281331,2556,0.8570696425212702,0.867824544640345,0.8463147404021953
341,2.9075975418090803,2555,0.8567341945202834,0.8674954145964322,0.8459729744441347
342,2.9103355407714804,2554,0.8563987465192967,0.8671662561477056,0.8456312368908878
343,2.92402458190918,2553,0.85606329851831,0.8668370693767732,0.8452895276598468
344,2.93223826090495,2552,0.8557278505173231,0.8665078543658089,0.8449478466688374
345,2.93771394093831,2551,0.8553924025163364,0.8661786111965569,0.8446061938361159
346,2.9404516220092796,2550,0.8550569545153497,0.8658493399503342,0.8442645690803652
347,2.94592730204264,2549,0.8547215065143628,0.8655200407080338,0.8439229723206919
348,2.96509234110514,2548,0.854386058513376,0.8651907135501289,0.8435814034766231
349,2.97604370117188,2547,0.8540506105123892,0.8648613585566755,0.8432398624681029
350,2.98425738016764,2546,0.8537151625114023,0.8645319758073156,0.8428983492154891
351,2.98699506123861,2545,0.8533797145104155,0.864202565381281,0.84255686363955
352,3.01437377929688,2543,0.8527085546877569,0.8635288939116975,0.8418882154638162
353,3.0171114603678397,2542,0.8523731067905548,0.8632139211666977,0.8415322924144119
354,3.0198494593302403,2541,0.8520376588933527,0.8628844008700656,0.8411909169166398
355,3.0225871404012,2540,0.8517022109961506,0.8625548532870371,0.8408495687052642
356,3.0308008193969704,2539,0.8513667630989484,0.8622252784944451,0.8405082477034518
357,3.03353881835938,2538,0.8510313152017464,0.8618956765687338,0.8401669538347589
358,3.0390144983927403,2537,0.8506958673045443,0.8615660475859609,0.8398256870231277
359,3.0499658584594704,2536,0.8503604194073422,0.8612363916218013,0.8394844471928831
360,3.05270353953044,2534,0.8496892588553238,0.8605624024303644,0.8388161152802831
361,3.0636548995971697,2533,0.8493538110626451,0.8602470137229523,0.8384606084023378
362,3.0773442586263,2531,0.8486826504059382,0.8595729203534233,0.8377923804584531
363,3.0800822575887,2530,0.8483472027180307,0.8592573954388596,0.8374370099972017
364,3.0828199386596697,2529,0.8480117550301232,0.8589275528005328,0.8370959572597135
365,3.0882956186930297,2528,0.8476763073422158,0.8585976837730913,0.8367549309113402
366,3.09103361765544,2526,0.8470051463704483,0.857923418443505,0.8360868742973917
367,3.0965092976888,2525,0.8466696987877274,0.8576076691362955,0.8357317284391592
368,3.1019849777221697,2524,0.8463342512050064,0.8572776953274528,0.83539080708256
369,3.1184120178222696,2523,0.8459988036222854,0.8569476954878905,0.8350499117566803
370,3.1211500167846697,2521,0.8453276423342074,0.856273260363624,0.8343820243047909
371,3.1266256968180297,2520,0.8449921948570907,0.8559572898772472,0.8340270998369341
372,3.1375770568847696,2519,0.8446567473799739,0.8556271866733952,0.8336863080865525
373,3.14031473795573,2518,0.8443212999028571,0.855297057788588,0.8333455420171262
374,3.1485284169515,2517,0.8439858524257403,0.8549669032917392,0.8330048015597414
375,3.15947977701823,2516,0.8436504049486235,0.8546367232514327,0.8326640866458144
376,3.17864481608073,2515,0.8433149574715068,0.8543065177359244,0.8323233972070891
377,3.18138249715169,2514,0.8429795099943901,0.8539762868131451,0.8319827331756351
378,3.1841204961141,2513,0.8426440625172733,0.8536460305507023,0.8316420944838443
379,3.1895961761474596,2512,0.8423086150401566,0.8533157490158835,0.8313014810644298
380,3.1923341751098597,2510,0.8416374527970968,0.8526409475477569,0.8306339580464367
381,3.19507185618083,2509,0.841302005426512,0.852324501357664,0.83027950949536
382,3.20054753621419,2508,0.8409665580559272,0.8519941194578398,0.8299389966540147
383,3.21423689524333,2507,0.8406311106853426,0.8516637126174943,0.8295985087531909
384,3.21697457631429,2505,0.8399599481219211,0.8509887479659515,0.8289311482778907
385,3.2224502563476602,2504,0.8396245008582941,0.8506720903470637,0.8285769113695245
386,3.2279259363810198,2503,0.8392890535946671,0.8503415844545416,0.8282365227347926
387,3.23887761433919,2502,0.8389536063310401,0.8500110539456672,0.827896158716413
388,3.2470909754435198,2501,0.8386181590674131,0.8496804988843466,0.8275558192504796
389,3.24982897440592,2500,0.8382827118037862,0.8493499193341914,0.8272155042733811
390,3.2525666554768904,2499,0.8379472645401592,0.8490193153585205,0.826875213721798
391,3.25530465443929,2496,0.8369401163856638,0.8479992276408316,0.825881005130496
392,3.2607803344726602,2495,0.8366046694452286,0.847695894552552,0.8255134443379052
393,3.26351801554362,2493,0.835933506453295,0.8470205464832591,0.8248464664233309
394,3.2662560145060198,2492,0.8355980596208499,0.8467033931419745,0.8244927260997252
395,3.2799453735351602,2491,0.8352626127884047,0.8463725962507306,0.8241526293260789
396,3.2854210535685198,2489,0.8345914495800573,0.8456971227523344,0.8234857764077801
397,3.29637241363525,2488,0.8342560028559496,0.8453798077017178,0.8231321980101813
398,3.3073237737019903,2487,0.8339205561318419,0.845048915762419,0.8227921965012648
399,3.3292264938354506,2486,0.8335851094077341,0.8447180001957486,0.8224522186197196
400,3.3319644927978502,2485,0.8332496626836263,0.8443870610611363,0.8221122643061164
401,3.33470217386881,2484,0.8329142159595185,0.8440560984177483,0.8217723335012888
402,3.34565353393555,2483,0.8325787692354107,0.8437251123244892,0.8214324261463323
403,3.35112921396891,2482,0.832243322511303,0.8433941028400035,0.8210925421826024
404,3.36481857299805,2481,0.8319078757871953,0.8430630700226772,0.8207526815517133
405,3.37029425303141,2479,0.8312367117083028,0.8423872878354715,0.8200861355811342
406,3.37303225199381,2477,0.8305655476294104,0.841724835364485,0.8194062598943358
407,3.3757699330647797,2476,0.8302301011239057,0.8414070453128345,0.8190531569349769
408,3.3812456130981405,2475,0.8298946546184011,0.8410758738375855,0.8187134353992166
409,3.38672129313151,2474,0.8295592081128964,0.8407446794313792,0.8183737367944136
410,3.38945929209391,2473,0.8292237616073918,0.8404134621505959,0.8180340610641876
411,3.40588633219401,2472,0.8288883151018872,0.8400822220513728,0.8176944081524016
412,3.4141000111897797,2471,0.8285528685963827,0.8397509591896053,0.81735477800316
413,3.4168376922607404,2469,0.827881703858759,0.8390748755560269,0.8166885321614912
414,3.4195756912231405,2468,0.8275462574633544,0.8387567769780097,0.8163357379486992
415,3.42231337229411,2467,0.8272108110679497,0.8384254236852435,0.8159961984506559
416,3.4387407302856405,2466,0.826875364672545,0.8380940479059729,0.8156566814391171
417,3.4633811314900695,2465,0.8265399182771402,0.8377626496946764,0.8153171868596041
418,3.4688568115234397,2463,0.8258687530978652,0.837086388445348,0.8146511177503825
419,3.47159481048584,2460,0.8248615960818922,0.8360780765576417,0.8136451156061428
420,3.4743324915568,2458,0.8241904312356092,0.8354278821866774,0.812952980284541
421,3.49075984954834,2457,0.8238549853946505,0.8351093696602436,0.8126006011290574
422,3.52361392974854,2454,0.8228478277107939,0.83408770217816,0.8116079532434278
423,3.5290896097819,2452,0.8221766630878651,0.8334371531777113,0.8109161729980189
424,3.54277896881104,2451,0.8218412176928884,0.8331184196868373,0.8105640156989395
425,3.5482546488444,2449,0.8211700529581454,0.83244175433383,0.8098983515824607
426,3.5674196879069,2448,0.8208346076750742,0.8321229115555172,0.8095463037946312
427,3.5811087290446,2446,0.8201634428282426,0.8314461610865399,0.8088807245699453
428,3.58658440907796,2445,0.8198279976573517,0.8311272098253769,0.8085287854893265
429,3.6002737681071,2444,0.8194925524864608,0.8307953534827277,0.8081897514901939
430,3.60574944814046,2443,0.8191571073155699,0.830463475852085,0.8078507387790548
431,3.61122512817383,2440,0.8181499469377229,0.8294413133519967,0.8068585805234492
432,3.6194388071696,2439,0.8178145021050301,0.8291349688195662,0.8064940353904941
433,3.6221764882405605,2438,0.8174790572723374,0.8288029856970665,0.8061551288476083
434,3.62491448720296,2437,0.8171436124396446,0.8284709815811181,0.8058162432981711
435,3.63312784830729,2436,0.8168081676069519,0.8281389565200676,0.8054773786938361
436,3.64407952626546,2435,0.8164727227742591,0.8278069105620698,0.8051385349864484
437,3.65229288736979,2434,0.8161372779415663,0.8274748437550885,0.8047997121280441
438,3.65503088633219,2433,0.8158018331088736,0.8271427561468979,0.8044609100708492
439,3.6796716054280605,2432,0.8154663882761808,0.8268106477850842,0.8041221287672774
440,3.68514728546143,2430,0.8147952225245132,0.8261334524679438,0.8034569925810826
441,3.68788496653239,2428,0.8141240567728456,0.8254688562569362,0.802779257288755
442,3.6960986455281604,2427,0.8137886121676652,0.8251492703878369,0.8024279539474934
443,3.6988363265991198,2426,0.8134531675624849,0.8248170386363938,0.802089296488576
444,3.70157432556152,2425,0.8131177229573044,0.82448478645948,0.8017506594551289
445,3.72347704569499,2423,0.8124465568632414,0.8238074013531537,0.8010857123733292
446,3.72621504465739,2419,0.8111031148510658,0.8224514227333228,0.7997548069688087
447,3.73169072469076,2418,0.8107676710483979,0.8221566031394991,0.7993787389572966
448,3.7453797658284502,2417,0.8104322272457299,0.8218241897155562,0.7990402647759037
449,3.75633112589518,2416,0.810096783443062,0.8214917562756662,0.7987018106104579
450,3.77823416392008,2415,0.8097613396403941,0.8211593028643768,0.7983633764164114
451,3.79466120402018,2414,0.8094258958377262,0.8208268295260669,0.7980249621493855
452,3.80561256408691,2413,0.8090904520350582,0.8204943363049471,0.7976865677651694
453,3.80835056304932,2412,0.8087550082323903,0.8201618232450612,0.7973481932197195
454,3.8110882441202794,2410,0.8080838422504547,0.8194840936686794,0.7966835908322301
455,3.81382624308268,2408,0.8074126762685191,0.8188186903156065,0.7960066622214317
456,3.8193019231160497,2406,0.8067415102865835,0.818153208223529,0.795329812349638
457,3.8302532831827794,2405,0.8064060668311629,0.8178328826955525,0.7949792509667732
458,3.8384669621785497,2404,0.8060706233757423,0.8175002127164321,0.7946410340350525
459,3.8466803232828797,2403,0.8057351799203216,0.8171675232879092,0.794302836552734
460,3.8494183222452794,2402,0.805399736464901,0.8168348144524089,0.7939646584773932
461,3.85489400227865,2401,0.8050642930094805,0.8165020862521996,0.7936264997667614
462,3.85763168334961,2400,0.8047288495540599,0.8161693387293936,0.7932883603787262
463,3.86858304341634,2399,0.8043934060986393,0.815836571925949,0.7929502402713295
464,3.8713210423787405,2398,0.8040579626432187,0.8155037858836698,0.7926121394027676
465,3.8904860814412405,2397,0.803722519187798,0.8151709806442066,0.7922740577313895
466,3.89596176147461,2396,0.8033870757323774,0.8148381562490582,0.7919359952156967
467,3.8986994425455697,2395,0.8030516322769569,0.8145053127395719,0.7915979518143418
468,3.90417512257894,2394,0.8027161888215362,0.8141724501569447,0.7912599274861276
469,3.91238880157471,2392,0.8020450214395783,0.8134942576550799,0.7905957852240768
470,3.92334016164144,2391,0.8017095781014606,0.8131734802510602,0.790245675951861
471,3.92607816060384,2390,0.8013741347633428,0.8128405418621385,0.7899077276645472
472,3.93429152170817,2389,0.8010386914252251,0.8125075846039395,0.7895697982465107
473,3.95619424184163,2388,0.8007032480871074,0.8121746085167747,0.78923188765744
474,3.9589322408040397,2387,0.8003678047489896,0.8118416136408114,0.7888939958571678
475,3.9644079208374,2386,0.8000323614108718,0.8115086000160731,0.7885561228056704
476,3.9671459197998,2385,0.799696918072754,0.8111755676824401,0.7882182684630679
477,3.9698836008707703,2384,0.7993614747346363,0.8108425166796508,0.7878804327896217
478,3.9808349609375,2381,0.7983542994199769,0.8098184152363431,0.7868901836036107
479,3.9835729598999,2380,0.7980188564370274,0.809509317797559,0.7865283950764959
480,3.98631064097087,2379,0.7976834134540779,0.8091761742770586,0.7861906526310972
481,3.9890486399332703,2378,0.7973479704711284,0.8088430123231993,0.7858529286190574
482,3.99452431996663,2377,0.7970125274881789,0.8085098319747456,0.7855152230016121
483,3.9972620010376,2375,0.7963413590439783,0.8078312178658669,0.7848515002220897
484,4.00821367899577,2374,0.7960059161800171,0.8075099104549637,0.7845019219050706
485,4.024640719095871,2373,0.7956704733160559,0.8071766569929574,0.7841642896391544
486,4.03011639912923,2372,0.7953350304520946,0.8068433853282548,0.7838266755759344
487,4.0328540802002,2371,0.7949995875881334,0.8065100954988154,0.7834890796774514
488,4.04106775919596,2369,0.7943284186665731,0.8058313359227975,0.7828255014103487
489,4.043805758158371,2368,0.7939929759222039,0.8055098460688258,0.7824761057755819
490,4.057494799296061,2367,0.7936575331778345,0.8051764840382224,0.7821385823174466
491,4.06844615936279,2366,0.7933220904334651,0.8048431040308208,0.7818010768361094
492,4.07392183939616,2365,0.7929866476890958,0.8045097060838018,0.7814635892943897
493,4.08761119842529,2364,0.7926512049447264,0.804176290234219,0.7811261196552338
494,4.09308687845866,2362,0.7919800354231813,0.8034973630944703,0.7804627077518923
495,4.10403823852539,2361,0.7916445927991138,0.8031756633267946,0.780113522271433
496,4.10677623748779,2360,0.7913091501750463,0.8028421763168456,0.779776124033247
497,4.1095139185587595,2359,0.7909737075509788,0.8025086715878137,0.779438743514144
498,4.11225191752116,2358,0.7906382649269114,0.8021751491760023,0.7791013806778204
499,4.14236831665039,2357,0.790302822302844,0.8018416091175932,0.7787640354880948
500,4.14510599772135,2356,0.7899673796787766,0.8015080514486456,0.7784267079089077
501,4.1478439966837595,2354,0.7892962094326604,0.8008289355923591,0.7777634832729617
502,4.16427103678385,2353,0.7889607669297142,0.8005069997002645,0.7774145341591638
503,4.1670090357462595,2352,0.7886253244267678,0.8001733720304349,0.7770772768231007
504,4.169746716817221,2351,0.7882898819238215,0.7998397269286552,0.7767400369189879
505,4.17796039581299,2350,0.7879544394208753,0.7995060644302665,0.7764028144114841
506,4.18343607584635,2349,0.787618996917929,0.7991723845704928,0.7760656092653653
507,4.188911755879721,2348,0.7872835544149828,0.7988386873844412,0.7757284214455243
508,4.208076794942221,2346,0.7866123834393519,0.7981593857420982,0.7750653811366056
509,4.21081447601318,2345,0.7862769410583543,0.7978372176513728,0.7747166644653358
510,4.2217658360799195,2343,0.7856057699605666,0.797157847203653,0.7740536927174803
511,4.22450383504232,2342,0.7852703277018303,0.7968355930631055,0.773705062340555
512,4.23271719614665,2341,0.7849348854430939,0.7965017757357779,0.7733679951504099
513,4.23545519510905,2340,0.7845994431843575,0.7961679413590861,0.7730309450096289
514,4.23819287618001,2339,0.7842640009256211,0.7958340899671128,0.7726939118841294
515,4.25188223520915,2338,0.7839285586668847,0.7955002215938296,0.7723568957399398
516,4.25735791524251,2337,0.7835931164081483,0.795166336273098,0.7720198965431987
517,4.27652295430501,2335,0.7829219445739658,0.7944867839568018,0.7713571051911298
518,4.27926063537598,2334,0.78258650243833,0.7941643028362516,0.7710087020404083
519,4.2874743143717495,2332,0.7819153304808357,0.7934846831618878,0.7703459777997836
520,4.2929499944051095,2331,0.7815798884686175,0.7931621179120715,0.7699976590251635
521,4.30116367340088,2330,0.7812444464563991,0.7928281150708583,0.76966077784194
522,4.30390135447184,2329,0.7809090044441809,0.7924940955493717,0.7693239133389901
523,4.3121150334676095,2327,0.7802378321154794,0.7918143643357011,0.7686612998952577
524,4.32306639353434,2326,0.7799023902272096,0.7914916599644595,0.7683131204899598
525,4.3312800725301095,2325,0.7795669483389398,0.7911575741369568,0.7679763225409229
526,4.33401775360107,2324,0.77923150645067,0.7908234717927,0.76763954110864
527,4.3586584726969395,2323,0.7788960645624002,0.7904893529640644,0.767302776160736
528,4.36960983276367,2321,0.7782248917364094,0.7898094892583313,0.7666402942144875
529,4.37508551279704,2320,0.7778894499727299,0.7894866197684977,0.7662922801769622
530,4.3805611928304,2319,0.7775540082090504,0.7891524354121575,0.7659555810059433
531,4.38329919179281,2318,0.7772185664453709,0.7888182347318853,0.7656188981588565
532,4.399726231892901,2316,0.7765473932446408,0.788138261795387,0.7649565246938946
533,4.4052019119262695,2315,0.7762119516060902,0.7878152562216576,0.7646086469905229
534,4.42162895202637,2314,0.7758765099675397,0.7874809906512191,0.7642720292838602
535,4.42984263102214,2313,0.7755410683289891,0.7871467089148051,0.763935427743173
536,4.43805599212646,2312,0.7752056266904385,0.7868124110436955,0.7635988423371814
537,4.44353167215983,2311,0.7748701850518879,0.7864780970690737,0.7632622730347021
538,4.44900767008464,2310,0.7745347434133373,0.786143767022027,0.7629257198046475
539,4.45995903015137,2308,0.7738635694589063,0.7854636213209868,0.7622635175968259
540,4.4900754292805996,2307,0.7735281279463537,0.785140400760798,0.7619158551319094
541,4.50102678934733,2306,0.7731926864338011,0.7848060068230747,0.7615793660445276
542,4.5037644704182895,2305,0.7728572449212485,0.7844715969670268,0.7612428928754702
543,4.514715830485031,2303,0.7721860705878388,0.7837913446734387,0.760580796502239
544,4.5256675084432,2301,0.7715148962544291,0.7831221542861366,0.7599076382227217
545,4.53114318847656,2300,0.771179454995188,0.7827987484340166,0.7595601615563594
546,4.54483222961426,2299,0.770844013735947,0.7824642438878155,0.7592237835840785
547,4.55852158864339,2296,0.7698368133695673,0.78143770982523,0.7582359169139047
548,4.572210947672531,2295,0.7695013724922821,0.7811252237394747,0.7578775212450896
549,4.57768662770589,2294,0.7691659316149969,0.7807906412345789,0.757541221995415
550,4.58042430877686,2292,0.7684947571545999,0.7801101584926033,0.7568793558165965
551,4.58316230773926,2291,0.7681593164050781,0.779786518177373,0.7565321146327831
552,4.58863798777262,2289,0.7674881418166943,0.779105973324219,0.7558703103091696
553,4.59137566884359,2288,0.767152701195271,0.7787822557334328,0.7555231466571092
554,4.59958934783936,2287,0.7668172605738476,0.7784475651255571,0.755186956022138
555,4.60506502787272,2286,0.7664818199524241,0.778112859164399,0.7548507807404493
556,4.61054070790609,2285,0.7661463793310007,0.7777781378787895,0.754514620783212
557,4.6160163879394505,2284,0.7658109387095773,0.7774434012974747,0.7541784761216799
558,4.62423006693522,2283,0.765475498088154,0.7771086494491166,0.7538423467271913
559,4.63244342803955,2282,0.7651400574667306,0.7767738823622935,0.7535062325711678
560,4.63791910807292,2280,0.7644688819777248,0.7760931528005428,0.7528446111549068
561,4.65160846710205,2278,0.7637977064887188,0.7754232483962764,0.7521721645811612
562,4.65708414713542,2277,0.7634622661257462,0.7750992511055681,0.7518252811459243
563,4.67351118723551,2276,0.7631268257627736,0.7747643933725016,0.7514892581530456
564,4.71457894643148,2275,0.762791385399801,0.7744295205988709,0.751153250200731
565,4.71731694539388,2273,0.7621202095217545,0.7737486497270174,0.7504917693164916
566,4.7282683054606105,2271,0.7614490336437081,0.7730785340279417,0.7498195332594745
567,4.73374398549398,2270,0.7611135935407813,0.7727543618003727,0.74947282528119
568,4.7419576644897505,2269,0.7607781534378546,0.7724193995580815,0.7491369073176277
569,4.74469534556071,2268,0.7604427133349279,0.7720844224691684,0.7488010042006873
570,4.75290902455648,2267,0.7601072732320011,0.7717494305610006,0.7484651159030016
571,4.758384704589839,2266,0.7597718331290744,0.7714144238608672,0.7481292423972815
572,4.761122385660809,2264,0.7591006565980416,0.7707333738134281,0.7474679393826551
573,4.76933606465658,2263,0.7587652166260583,0.770409028855285,0.7471214043968317
574,4.7748117446899405,2262,0.7584297766540752,0.7700739633553573,0.7467855899527931
575,4.777549743652339,2261,0.758094336682092,0.7697388831988388,0.7464497901653453
576,4.780287424723309,2260,0.7577588967101088,0.7694037884125595,0.746114005007658
577,4.79123878479004,2259,0.7574234567381256,0.7690686790232752,0.745778234452976
578,4.80492814381917,2258,0.7570880167661423,0.7687335550576657,0.745442478474619
579,4.807665824890139,2257,0.7567525767941591,0.7683984165423371,0.7451067370459811
580,4.82135518391927,2256,0.7564171368221758,0.7680632635038209,0.7447710101405307
581,4.826830863952639,2255,0.7560816968501926,0.7677280959685749,0.7444352977318102
582,4.84052022298177,2253,0.7554105191343912,0.7670468305408762,0.7437742077279061
583,4.8514715830485,2250,0.7544033051088787,0.7660297291972229,0.7427768810205344
584,4.86242294311523,2249,0.754067865666856,0.7657156345130002,0.7424200968207119
585,4.865160942077639,2248,0.7537324262248334,0.7653803666305192,0.7420844858191475
586,4.873374303181969,2247,0.7533969867828108,0.765045084460672,0.7417488891049495
587,4.9034907023112,2246,0.7530615473407881,0.7647097880292661,0.7414133066523101
588,4.911704381306969,2243,0.7520543317179516,0.7636819191058198,0.7404267443300833
589,4.91444206237793,2242,0.7517188926761506,0.7633675915374463,0.7400701938148548
590,4.9199177424113,2241,0.7513834536343496,0.7630322244826667,0.7397346827860324
591,4.928131421407059,2240,0.7510480145925484,0.76269684331994,0.7393991858651568
592,4.93360710144043,2239,0.7507125755507473,0.7623614480745862,0.7390637030269085
593,4.9390827814738,2238,0.7503771365089463,0.7620260387718568,0.7387282342460358
594,4.947296460469559,2237,0.7500416974671452,0.7616906154369353,0.7383927794973552
595,4.96098550160726,2236,0.7497062584253442,0.7613551780949376,0.7380573387557509
596,4.966461181640621,2233,0.7486990399859013,0.7603270712244484,0.7370710087473541
597,4.97193717956543,2232,0.7483636013479148,0.7600124159769721,0.7367147867188575
598,4.97467486063639,2231,0.7480281627099283,0.7596769092783472,0.7363794161415095
599,4.9774128595988,2230,0.7476927240719418,0.7593413887221684,0.7360440594217151
600,4.99383989969889,2229,0.7473572854339552,0.7590058543330853,0.7357087165348251
601,5.01300493876139,2228,0.7470218467959686,0.7586703061356822,0.735373387456255
602,5.04038333892822,2227,0.746686408157982,0.7583347441544783,0.7350380721614858
603,5.04859670003255,2226,0.7463509695199956,0.757999168413928,0.7347027706260632
604,5.05133469899495,2225,0.7460155308820091,0.7576635789384213,0.7343674828255969
605,5.062286059061691,2224,0.7456800922440225,0.7573279757522838,0.7340322087357612
606,5.06502405802409,2222,0.7450089130430828,0.756646127260532,0.7333716988256336
607,5.06776173909505,2221,0.7446734745410373,0.756320791445877,0.7330261576361975
608,5.078713099161781,2220,0.7443380360389917,0.7559851337623505,0.7326909383156329
609,5.08418877919515,2219,0.7440025975369462,0.7556494624889455,0.7323557325849469
610,5.097878138224281,2218,0.7436671590349007,0.7553137776496082,0.7320205404201932
611,5.11156749725342,2217,0.7433317205328551,0.7549780792682227,0.7316853617974876
612,5.12251885732015,2216,0.7429962820308096,0.754642367368611,0.7313501966930082
613,5.125256538391111,2215,0.742660843528764,0.7543066419745337,0.7310150450829944
614,5.13073221842448,2214,0.7423254050267185,0.7539709031096895,0.7306799069437475
615,5.13894589742025,2213,0.741989966524673,0.7536351507977163,0.7303447822516297
616,5.15263525644938,2212,0.7416545280226275,0.7532993850621911,0.730009670983064
617,5.16084861755371,2211,0.741319089520582,0.7529636059266298,0.7296745731145342
618,5.163586616516111,2210,0.7409836510185365,0.7526278134144886,0.7293394886225844
619,5.16906229654948,2209,0.7406482125164909,0.752292007549163,0.7290044174838188
620,5.17180029551188,2208,0.7403127740144454,0.751956188353989,0.7286693596749018
621,5.17727597554525,2206,0.7396415928956652,0.7512740502868371,0.7280091355044933
622,5.1964406967163095,2205,0.7393061545315401,0.7509483558487421,0.7276639532143382
623,5.19917869567871,2203,0.7386349732745892,0.7502661645744614,0.7270037819747169
624,5.20465437571208,2202,0.7382995350487606,0.7499404040647436,0.7266586660327775
625,5.21286805470784,2201,0.737964096822932,0.7496044924210135,0.7263237012248505
626,5.22108141581217,2200,0.7376286585971034,0.7492685676321462,0.7259887495620605
627,5.22381941477458,2199,0.7372932203712748,0.7489326297209499,0.7256538110215996
628,5.22655709584554,2198,0.7369577821454462,0.7485966787101755,0.7253188855807168
629,5.2347707748413095,2197,0.7366223439196176,0.7482607146225169,0.7249839732167183
630,5.24024645487467,2196,0.736286905693789,0.7479247374806108,0.7246490739069671
631,5.270362854003911,2195,0.7359514674679604,0.7475887473070377,0.724314187628883
632,5.27310053507487,2194,0.7356160292421318,0.7472527441243216,0.7239793143599419
633,5.27583853403727,2193,0.7352805910163032,0.7469167279549302,0.7236444540776761
634,5.29774125417074,2192,0.7349451527904746,0.7465806988212756,0.7233096067596735
635,5.3004792531331395,2190,0.734273970002538,0.7458982793923132,0.7226496606127628
636,5.3196439743042,2189,0.7339385319166529,0.745572236211587,0.7223048276217189
637,5.3223819732666,2188,0.7336030938307677,0.7452361555520212,0.7219700321095143
638,5.32511965433757,2187,0.7332676557448826,0.7449000620394948,0.7216352494502705
639,5.34976069132487,2186,0.7329322176589975,0.7445639556960887,0.7213004796219064
640,5.35797373453776,2185,0.7325967795731124,0.7442278365438301,0.7209657226023948
641,5.3607120513916,2184,0.7322613414872273,0.7438917046046919,0.7206309783697628
642,5.382614771525071,2183,0.7319259034013422,0.7435555599005933,0.7202962469020912
643,5.3880901336669895,2182,0.7315904653154571,0.7432194024533999,0.7199615281775144
644,5.399041493733719,2181,0.731255027229572,0.7428832322849239,0.7196268221742201
645,5.401779810587571,2180,0.7309195891436869,0.7425470494169243,0.7192921288704496
646,5.40451749165853,2179,0.7305841510578018,0.7422108538711073,0.7189574482444964
647,5.4127311706542995,2178,0.7302487129719167,0.7418746456691263,0.7186227802747072
648,5.42368253072103,2177,0.7299132748860315,0.7415384248325821,0.7182881249394809
649,5.4264202117919895,2176,0.7295778368001464,0.7412021913830238,0.7179534822172691
650,5.4291578928629605,2175,0.7292423987142612,0.7408659453419476,0.7176188520865748
651,5.437371571858719,2174,0.728906960628376,0.7405296867307984,0.7172842345259536
652,5.44010925292969,2173,0.7285715225424909,0.7401934155709697,0.7169496295140121
653,5.4483229319254605,2172,0.7282360844566058,0.739857131883803,0.7166150370294087
654,5.45106061299642,2170,0.7275648991253094,0.7391743711946973,0.7159554270559215
655,5.45379892985026,2169,0.7272294611819599,0.7388479050935148,0.7156110172704049
656,5.456536610921219,2168,0.7268940232386103,0.7385115716206869,0.7152764748565337
657,5.45927429199219,2167,0.7265585852952606,0.738175225726537,0.7149419448639842
658,5.4647502899169895,2166,0.7262231473519111,0.7378388674321031,0.714607427271719
659,5.4811770121256504,2165,0.7258877094085615,0.7375024967583728,0.7142729220587503
660,5.5003420511881504,2164,0.725552271465212,0.7371661137262835,0.7139384292041404
661,5.5058180491129605,2163,0.7252168335218624,0.736829718356724,0.7136039486870008
662,5.51676940917969,2162,0.7248813955785128,0.7364933106705329,0.7132694804864927
663,5.5249830881754605,2160,0.7242102091011253,0.7358103838292571,0.7126100343729935
664,5.53045845031738,2159,0.7238747713016344,0.7354837115600753,0.7122658310431934
665,5.53593444824219,2158,0.7235393335021434,0.7351472549276585,0.7119314120766282
666,5.54962348937988,2157,0.7232038957026523,0.7348107860821422,0.7115970053231624
667,5.552361170450849,2156,0.7228684579031612,0.7344743050440736,0.7112626107622488
668,5.55509948730469,2155,0.7225330201036703,0.7341378118339517,0.7109282283733889
669,5.5578371683756504,2154,0.7221975823041793,0.7338013064722275,0.7105938581361311
670,5.563312530517581,2153,0.7218621445046882,0.7334647889793049,0.7102595000300715
671,5.56605084737142,2152,0.7215267067051973,0.73312825937554,0.7099251540348545
672,5.571526209513349,2151,0.7211912689057062,0.7327917176812422,0.7095908201301702
673,5.601642608642581,2150,0.7208558311062152,0.7324551639166733,0.7092564982957571
674,5.609856287638349,2149,0.7205203933067241,0.7321185981020487,0.7089221885113995
675,5.612593968709309,2148,0.720184955507233,0.7317820202575372,0.7085878907569289
676,5.61533164978027,2147,0.719849517707742,0.7314454304032609,0.708253605012223
677,5.61806996663411,2146,0.719514079908251,0.7311088285592962,0.7079193312572059
678,5.62354532877604,2144,0.7188428914008739,0.7304256415762517,0.7072601412254961
679,5.631759007771809,2143,0.718507453747397,0.7300986463736084,0.7069162611211856
680,5.63449668884277,2142,0.7181720160939201,0.7297619968861977,0.7065820353016425
681,5.639972686767581,2141,0.7178365784404432,0.72942533550886,0.7062478213720265
682,5.6454480489095,2140,0.7175011407869664,0.7290886622613976,0.7059136193125352
683,5.648186365763349,2138,0.7168299516936203,0.7284053797014577,0.7052545236857829
684,5.67282676696777,2136,0.7161587626002742,0.7277316602057254,0.704585864994823
685,5.678302764892581,2135,0.7158233252407425,0.7274045068080695,0.7042421436734156
686,5.6837781270345,2134,0.7154878878812108,0.7270677629865455,0.703908012775876
687,5.69472948710124,2133,0.715152450521679,0.7267310074323996,0.7035738936109583
688,5.70020548502604,2132,0.7148170131621473,0.7263942401650788,0.7032397861592158
689,5.702943166097,2131,0.7144815758026156,0.7260574612039865,0.7029056904012447
690,5.71115684509277,2129,0.7138103859709551,0.7253740372302915,0.7022467347116188
691,5.716632207234699,2128,0.7134749487595026,0.72504674701187,0.7019031505071351
692,5.72484588623047,2127,0.7131395115480501,0.7247099215867732,0.701569101509327
693,5.74401092529297,2126,0.7128040743365976,0.7243730845643424,0.701235064108853
694,5.74674860636393,2125,0.7124686371251452,0.7240362359637231,0.7009010382865672
695,5.75222460428874,2124,0.7121331999136927,0.7236993758040184,0.700567024023367
696,5.7604382832845,2123,0.7117977627022403,0.7233625041042892,0.7002330213001914
697,5.76317596435547,2122,0.7114623254907878,0.7230256208835542,0.6998990300980215
698,5.77138964335124,2121,0.7111268882793352,0.7226887261607902,0.6995650503978803
699,5.78234100341797,2120,0.7107914510678827,0.7223518199549324,0.699231082180833
700,5.7878163655599,2119,0.7104560138564301,0.7220149022848744,0.6988971254279858
701,5.79055468241374,2118,0.7101205766449776,0.7216779731694687,0.6985631801204866
702,5.8069814046224,2117,0.7097851394335252,0.7213410326275259,0.6982292462395244
703,5.80971908569336,2116,0.7094497022220727,0.7210040806778159,0.6978953237663296
704,5.8151950836181605,2115,0.7091142650106201,0.7206671173390674,0.6975614126821729
705,5.8261464436849,2114,0.7087788277991677,0.720330142629969,0.6972275129683664
706,5.82888412475586,2113,0.7084433905877152,0.7199931565691678,0.6968936246062626
707,5.83983548482259,2112,0.7081079533762626,0.719656159175271,0.6965597475772543
708,5.84257380167643,2111,0.7077725161648101,0.7193191504668454,0.6962258818627748
709,5.8453114827474,2110,0.7074370789533576,0.7189821304624175,0.6958920274442977
710,5.86173884073893,2109,0.7071016417419052,0.7186450991804741,0.6955581843033362
711,5.8726902008056605,2106,0.7060943744459764,0.7176142943290422,0.6945744545629107
712,5.87816556294759,2105,0.7057589376885199,0.7172959283136328,0.6942219470634071
713,5.9082819620768205,2104,0.7054235009310634,0.7169588412851794,0.6938881605769475
714,5.91375796000163,2103,0.7050880641736069,0.7166217430894973,0.6935543852577165
715,5.91649564107259,2102,0.7047526274161504,0.716284633744797,0.6932206210875038
716,5.9466120402018205,2100,0.7040814344376588,0.7156007679498115,0.6925621009255061
717,5.95756340026855,2099,0.7037459978324003,0.715272926892777,0.6922190687720237
718,5.9657770792643205,2098,0.7034105612271419,0.7149357732560594,0.6918853491982243
719,5.993155161539709,2097,0.7030751246218834,0.7145986085608628,0.691551640682904
720,6.00958251953125,2095,0.7024039311854902,0.7139146688446143,0.690893193526366
721,6.012320200602209,2093,0.701732737749097,0.7132399640579022,0.6902255114402917
722,6.0150578816731795,2092,0.7013973014499817,0.7129119938731379,0.6898826090268255
723,6.02327156066895,2091,0.7010618651508664,0.712574763450922,0.6895489668508109
724,6.04791259765625,2089,0.7003906714073042,0.7118907360693877,0.6888906067452206
725,6.06160163879395,2088,0.7000552352619942,0.7115626927141319,0.6885477778098565
726,6.06707763671875,2087,0.6997197991166842,0.7112254187895273,0.6882141794438412
727,6.069815317789709,2086,0.6993843629713742,0.7108881340023536,0.6878805919403947
728,6.078028996785481,2085,0.6990489268260641,0.7105508383701807,0.6875470152819475
729,6.088980356852209,2084,0.6987134906807542,0.7102135319105425,0.6872134494509659
730,6.0917180379231795,2083,0.6983780545354441,0.7098762146409362,0.686879894429952
731,6.12183443705241,2082,0.6980426183901342,0.7095388865788232,0.686546350201445
732,6.1355234781901,2081,0.6977071822448241,0.7092015477416288,0.6862128167480194
733,6.14373715718587,2080,0.697371746099514,0.7088641981467425,0.6858792940522855
734,6.1492131551106795,2079,0.697036309954204,0.7085268378115183,0.6855457820968897
735,6.1546885172526,2078,0.6967008738088939,0.7081894667532743,0.6852122808645135
736,6.16290219624837,2077,0.6963654376635839,0.7078520849892934,0.6848787903378745
737,6.1738535563151,2076,0.696030001518274,0.7075146925368232,0.6845453104997248
738,6.18206723531087,2075,0.695694565372964,0.7071772894130758,0.6842118413328523
739,6.19849395751953,2074,0.695359129227654,0.7068398756352285,0.6838783828200794
740,6.220396677653,2073,0.6950236930823439,0.7065024512204239,0.6835449349442639
741,6.225872675577801,2072,0.694688256937034,0.7061650161857695,0.6832114976882984
742,6.24777539571126,2071,0.694352820791724,0.7058275705483383,0.6828780710351097
743,6.27515411376953,2070,0.6940173846464139,0.7054901143251686,0.6825446549676593
744,6.28062947591146,2068,0.6933461879494639,0.7048057854208848,0.681886590478043
745,6.283367792765301,2067,0.6930107519610994,0.7044773648192412,0.6815441391029576
746,6.291580835978191,2065,0.6923395551068998,0.7037929939437972,0.6808861162700024
747,6.30527051289876,2064,0.6920041192759372,0.7034645205244199,0.6805437180274545
748,6.30800819396973,2063,0.6916686834449746,0.7031269909323572,0.6802103759575919
749,6.32717323303223,2062,0.6913332476140119,0.7027894508897627,0.6798770443382611
750,6.33812459309896,2061,0.6909978117830493,0.7024519004133694,0.6795437231527293
751,6.349075953165691,2060,0.6906623759520867,0.7021143395198769,0.6792104123842965
752,6.370978673299151,2059,0.690326940121124,0.7017767682259519,0.6788771120162962
753,6.390143712361651,2058,0.6899915042901614,0.7014391865482279,0.678543822032095
754,6.42026011149089,2055,0.6889842174225845,0.7004074542610773,0.6775609805840918
755,6.436687469482419,2054,0.6886487820684353,0.7000877971700955,0.677209766966775
756,6.4421628316243496,2053,0.688313346714286,0.6997501642130713,0.6768765292155007
757,6.44490051269531,2052,0.6879779113601368,0.6994125209715518,0.6765433017487217
758,6.4558518727620395,2051,0.6876424760059875,0.699074867461942,0.676210084550033
759,6.46406555175781,2050,0.6873070406518382,0.698737203700615,0.6758768776030615
760,6.4750169118245395,2049,0.686971605297689,0.6983995297039118,0.6755436808914661
761,6.47775522867839,2048,0.6866361699435397,0.6980618454881419,0.6752104943989375
762,6.4804929097493496,2047,0.6863007345893904,0.6977241510695825,0.6748773181091984
763,6.49144426981608,2046,0.6859652992352412,0.6973864464644797,0.6745441520060027
764,6.4996579488118496,2045,0.6856298638810919,0.6970487316890477,0.6742109960731362
765,6.52156066894531,2044,0.6852944285269427,0.6967110067594693,0.673877850294416
766,6.54620107014974,2043,0.6849589931727934,0.6963732716918964,0.6735447146536904
767,6.562628428141281,2042,0.6846235578186441,0.6960355265024493,0.673211589134839
768,6.56536610921224,2040,0.6839523582521553,0.6953508128451676,0.6725539036591429
769,6.58453114827474,2039,0.6836169230592901,0.695021908042368,0.6722119380762123
770,6.5872688293457005,2038,0.683281487866425,0.6946841226591062,0.6718788530737437
771,6.60369618733724,2037,0.6829460526735598,0.694346327234171,0.6715457781129486
772,6.60917154947917,2036,0.6826106174806945,0.694008521783498,0.671212713177891
773,6.61464754740397,2035,0.6822751822878294,0.6936707063229927,0.670879658252666
774,6.617385228474929,2034,0.6819397470949642,0.6933328808685294,0.670546613321399
775,6.64202626546224,2033,0.6816043119020989,0.692995045435953,0.6702135783682448
776,6.650239308675129,2032,0.6812688767092338,0.6926572000410782,0.6698805533773893
777,6.655715306599929,2030,0.6805976758454808,0.6919723531067489,0.6692229985842127
778,6.67214266459147,2029,0.6802622408154929,0.6916432801667839,0.6688812014642019
779,6.677618026733401,2028,0.679926805785505,0.6913053952151499,0.6685482163558601
780,6.6830940246582005,2027,0.6795913707555171,0.6909675003799046,0.6682152411311296
781,6.694045384724929,2026,0.6792559357255292,0.6906295956766842,0.6678822757743742
782,6.696783065795901,2025,0.6789205006955413,0.6902916811210954,0.6675493202699873
783,6.70225842793783,2024,0.6785850656655534,0.6899537567287158,0.667216374602391
784,6.707734425862629,2023,0.6782496306355655,0.6896158225150939,0.6668834387560372
785,6.726899464925129,2022,0.6779141956055776,0.689277878495749,0.6665505127154063
786,6.72963714599609,2021,0.6775787605755897,0.6889399246861715,0.666217596465008
787,6.732374827067059,2020,0.6772433255456018,0.688601961101823,0.6658846899893807
788,6.735113143920901,2019,0.676907890515614,0.6882639877581365,0.6655517932730914
789,6.7570158640543605,2018,0.6765724554856261,0.687926004670516,0.6652189063007361
790,6.76796722412109,2017,0.6762370204556382,0.6875880118543375,0.6648860290569388
791,6.7761809031168605,2015,0.6755658174576673,0.6869029690331291,0.6642286658822055
792,6.78165626525879,2014,0.6752303825929912,0.6865736484576244,0.663887116728358
793,6.81177266438802,2013,0.674894947728315,0.6862356170180115,0.6635542784386186
794,6.82546170552572,2012,0.6745595128636389,0.6858975759263557,0.6632214498009221
795,6.83093770345052,2011,0.6742240779989628,0.6855595251978635,0.6628886308000621
796,6.83641370137533,2010,0.6738886431342866,0.6852214648477135,0.6625558214208598
797,6.852840423583981,2009,0.6735532082696105,0.6848833948910564,0.6622230216481646
798,6.86926778157552,2008,0.6732177734049344,0.6845453153430158,0.661890231466853
799,6.87474314371745,2006,0.6725465692440122,0.6838601574704889,0.6612329810175356
800,6.891170501708981,2005,0.672211134546135,0.6835306909608724,0.6608915781313977
801,6.90212186177572,2004,0.6718756998482577,0.6831925733372423,0.6605588263592731
802,6.91854921976725,2003,0.6715402651503803,0.6828544461974939,0.6602260841032668
803,6.95140329996745,2002,0.671204830452503,0.6825163095565867,0.6598933513484193
804,6.95961697896322,2001,0.6708693957546257,0.6821781634294527,0.6595606280797986
805,6.965092341105139,2000,0.6705339610567485,0.6818400078309974,0.6592279142824995
806,6.967830022176111,1999,0.6701985263588711,0.6815018427760992,0.6588952099416431
807,6.97056833902995,1998,0.6698630916609938,0.6811636682796097,0.6585625150423778
808,6.97330602010091,1997,0.6695276569631164,0.6808254843563545,0.6582298295698784
809,6.99247105916341,1996,0.6691922222652391,0.6804872910211321,0.6578971535093461
810,7.003422419230139,1995,0.6688567875673618,0.6801490882887148,0.6575644868460088
811,7.014373779296879,1994,0.6685213528694844,0.6798108761738484,0.6572318295651205
812,7.0198491414388,1993,0.6681859181716071,0.6794726546912526,0.6568991816519616
813,7.025325139363611,1992,0.6678504834737298,0.6791344238556211,0.6565665430918385
814,7.033538818359379,1990,0.6671792769576758,0.6784490654990487,0.6559094884163028
815,7.0390141805013,1989,0.6668438424292908,0.6781193441422741,0.6555683407163075
816,7.063655217488611,1988,0.6665084079009058,0.6777810761831594,0.6552357396186522
817,7.07460657755534,1987,0.6661729733725208,0.6774427989441472,0.6549031478008944
818,7.08829561869303,1986,0.6658375388441359,0.6771045124397759,0.6545705652484959
819,7.091033299764,1982,0.6644937698454595,0.6757237744686031,0.6532637652223159
820,7.09377161661784,1981,0.6641583363422563,0.6754109452611544,0.6529057274233582
821,7.0965092976888,1980,0.6638229028390532,0.6750726043310553,0.6525732013470511
822,7.13210105895996,1979,0.66348746933585,0.6747342542370139,0.6522406844346861
823,7.16495577494303,1978,0.6631520358326468,0.6743958949933658,0.6519081766719278
824,7.17316881815592,1977,0.6628166023294436,0.6740575266144218,0.6515756780444655
825,7.175907135009769,1976,0.6624811688262405,0.673719149114468,0.6512431885380131
826,7.17864481608073,1975,0.6621457353230374,0.6733807625077656,0.6509107081383093
827,7.18412017822266,1974,0.6618103018198342,0.6730423668085511,0.6505782368311174
828,7.21697489420573,1973,0.6614748683166312,0.6727039620310371,0.6502457746022252
829,7.22792625427246,1972,0.661139434813428,0.672365548189411,0.649913321437445
830,7.24709129333496,1971,0.6608040013102248,0.6720271252978363,0.6495808773226133
831,7.26078033447266,1969,0.6601327935892393,0.6713415137008119,0.6489240734776667
832,7.282683054606121,1968,0.6597973602591635,0.6710114673695086,0.6485832531488184
833,7.3073234558105495,1967,0.6594619269290877,0.6706730085655349,0.6482508452926404
834,7.35660489400228,1966,0.6591264935990119,0.6703345407821265,0.6479184464158972
835,7.3648185729980495,1965,0.6587910602689361,0.6699960640333024,0.6475860565045698
836,7.389458974202469,1964,0.6584556269388603,0.6696575783330575,0.6472536755446631
837,7.40041097005208,1963,0.6581201936087845,0.6693190836953632,0.6469213035222058
838,7.4031486511230495,1962,0.6577847602787087,0.6689805801341672,0.6465889404232502
839,7.408624013264969,1961,0.6574493269486329,0.6686420676633937,0.646256586233872
840,7.41410001118978,1960,0.6571138936185571,0.6683035462969434,0.6459242409401708
841,7.4168376922607395,1959,0.6567784602884813,0.6679650160486937,0.6455919045282689
842,7.43052673339844,1958,0.6564430269584055,0.6676264769324984,0.6452595769843126
843,7.44421641031901,1957,0.6561075936283297,0.6672879289621886,0.6449272582944708
844,7.4551677703857395,1956,0.6557721602982539,0.6669493721515716,0.6445949484449363
845,7.50171089172363,1955,0.6554367269681781,0.6666108065144319,0.6442626474219243
846,7.51266225179036,1954,0.6551012936381023,0.6662722320645313,0.6439303552116733
847,7.5154005686442105,1953,0.6547658603080265,0.6659336488156081,0.6435980718004449
848,7.53730328877767,1952,0.6544304269779506,0.6655950567813781,0.6432657971745231
849,7.56468200683594,1951,0.6540949936478748,0.6652564559755345,0.6429335313202151
850,7.59479777018229,1950,0.653759560317799,0.6649178464117472,0.6426012742238508
851,7.61396280924479,1949,0.6534241269877232,0.6645792281036641,0.6422690258717824
852,7.63312784830729,1948,0.6530886936576473,0.66424060106491,0.6419367862503846
853,7.660506566365559,1947,0.6527532603275715,0.6639019653090878,0.6416045553460552
854,7.707049687703449,1946,0.6524178269974956,0.6635633208497774,0.6412723331452138
855,7.718001683553059,1945,0.6520823936674198,0.663224667700537,0.6409401196343026
856,7.7481174468994105,1944,0.6517469603373439,0.6628860058749019,0.640607914799786
857,7.75085576375325,1943,0.651411527007268,0.6625473353863857,0.6402757186281504
858,7.7672824859619105,1940,0.6504041895943702,0.6615137866331608,0.6392945925555795
859,7.77275848388672,1939,0.6500687567993241,0.6611915454275207,0.6389459681711275
860,7.78097216288249,1938,0.649733324004278,0.6608528322823423,0.6386138157262137
861,7.79739888509115,1937,0.6493978912092319,0.660514110555077,0.6382816718633867
862,7.81656392415365,1936,0.6490624584141858,0.6601753802590847,0.6379495365692868
863,7.81930160522461,1935,0.6487270256191396,0.6598366414077037,0.6376174098305756
864,7.8247776031494105,1934,0.6483915928240935,0.6594978940142506,0.6372852916339364
865,7.83299128214518,1933,0.6480561600290474,0.6591591380920205,0.6369531819660743
866,7.84668032328288,1932,0.6477207272340013,0.6588203736542876,0.636621080813715
867,7.8631076812744105,1931,0.6473852944389552,0.6584816007143041,0.6362889881636064
868,7.8795344034830705,1930,0.6470498616439091,0.6581428192853014,0.6359569040025168
869,7.88501040140788,1929,0.646714428848863,0.6578040293804894,0.6356248283172365
870,7.88774808247884,1928,0.6463789960538169,0.6574652310130574,0.6352927610945763
871,7.90691312154134,1927,0.6460435632587708,0.6571264241961731,0.6349607023213685
872,7.912388483683269,1926,0.6457081304637247,0.6567876089429835,0.6346286519844658
873,7.9178644816080705,1925,0.6453726976686786,0.6564487852666145,0.6342966100707426
874,7.9370295206705705,1924,0.6450372648736324,0.6561099531801715,0.6339645765670934
875,7.950718561808269,1923,0.6447018320785863,0.6557711126967387,0.633632551460434
876,7.953456242879231,1922,0.6443663992835402,0.65543226382938,0.6333005347377004
877,7.9808349609375,1921,0.6440309664884941,0.6550934065911385,0.6329685263858498
878,7.9863109588623,1920,0.643695533693448,0.6547545409950365,0.6326365263918595
879,8.0,1919,0.6433601008984019,0.6544156670540761,0.6323045347427277
880,8.00273768107096,1918,0.6430246681033558,0.6540767847812388,0.6319725514254728
881,8.00821367899577,1917,0.6426892353083097,0.6537378941894858,0.6316405764271336
882,8.0136890411377,1916,0.6423538025132636,0.653398995291758,0.6313086097347691
883,8.0328540802002,1914,0.6416825864186834,0.6527127579197953,0.6306524149175714
884,8.03559176127116,1913,0.6413471538068597,0.6523819033294856,0.6303124042842337
885,8.04654375712077,1912,0.641011721195036,0.6520429714940831,0.629980470895989
886,8.0711841583252,1911,0.6406762885832123,0.6517040314171656,0.6296485457492591
887,8.09308687845866,1910,0.6403408559713887,0.6513650831115534,0.629316628831224
888,8.09856287638346,1908,0.63966963914123,0.6506787811963999,0.6286604970860601
889,8.10130055745443,1907,0.639334206713783,0.6503478422137021,0.628320571213864
890,8.104038238525389,1906,0.6389987742863361,0.6500088612795817,0.6279886872930905
891,8.114989598592121,1905,0.6386633418588892,0.6496698721806291,0.6276568115371493
892,8.12046559651693,1904,0.6383279094314422,0.6493308749295462,0.6273249439333383
893,8.1286792755127,1903,0.6379924770039954,0.6489918695390159,0.626993084468975
894,8.153319676717121,1902,0.6376570445765485,0.648652856021701,0.626661233131396
895,8.15879503885905,1901,0.6373216121491015,0.6483138343902453,0.6263293899079578
896,8.19986279805501,1900,0.6369861797216546,0.6479748046572733,0.6259975547860359
897,8.21902783711751,1899,0.6366507472942077,0.6476357668353905,0.6256657277530249
898,8.26557159423828,1898,0.6363153148667607,0.6472967209371827,0.6253339087963388
899,8.29021199544271,1897,0.6359798824393139,0.6469576669752172,0.6250020979034107
900,8.29295031229655,1896,0.6356444500118671,0.6466186049620418,0.6246702950616924
901,8.30390167236328,1895,0.6353090175844202,0.6462795349101853,0.624338500258655
902,8.34496943155924,1894,0.6349735851569733,0.6459404568321582,0.6240067134817885
903,8.35044479370117,1893,0.6346381527295265,0.6456013707404513,0.6236749347186017
904,8.36413447062174,1891,0.6339669331073906,0.6449148889836007,0.6230189772311805
905,8.38877487182617,1890,0.6336315008676513,0.6445837144069078,0.6226792873283948
906,8.4188912709554,1889,0.633296068627912,0.6442445965470623,0.6223475407087616
907,8.42436663309733,1888,0.6329606363881726,0.6439054707357695,0.6220158020405756
908,8.44353167215983,1887,0.6326252041484333,0.6435663369854088,0.6216840713114578
909,8.52019182840983,1886,0.6322897719086938,0.6432271953083406,0.6213523485090471
910,8.55304590861003,1885,0.6319543396689544,0.6428880457169075,0.6210206336210014
911,8.57221094767253,1884,0.631618907429215,0.6425488882234334,0.6206889266349966
912,8.58042462666829,1883,0.6312834751894756,0.642209722840224,0.6203572275387271
913,8.61875406901042,1882,0.6309480429497363,0.6418705495795672,0.6200255363199053
914,8.65160878499349,1881,0.6306126107099969,0.641531368453732,0.6196938529662617
915,8.654346466064451,1880,0.6302771784702574,0.6411921794749699,0.619362177465545
916,8.662560145060219,1879,0.629941746230518,0.6408529826555139,0.6190305098055221
917,8.692676544189451,1878,0.6296063139907786,0.6405137780075797,0.6186988499739775
918,8.75290870666504,1877,0.6292708817510392,0.6401745655433644,0.618367197958714
919,8.78302510579427,1876,0.6289354495112998,0.6398353452750474,0.6180355537475521
920,8.84325790405273,1875,0.6286000172715603,0.6394961172147905,0.6177039173283302
921,8.845995585123699,1874,0.628264585031821,0.6391568813747377,0.6173722886889044
922,8.86242294311523,1873,0.6279291527920816,0.638817637767015,0.6170406678171483
923,8.865160624186199,1872,0.6275937205523423,0.6384783864037311,0.6167090547009535
924,8.870636622111,1871,0.6272582883126029,0.6381391272969769,0.6163774493282289
925,8.87885030110677,1870,0.6269228560728636,0.6377998604588259,0.6160458516869013
926,8.903490702311199,1869,0.6265874238331242,0.6374605859013338,0.6157142617649145
927,8.91717974344889,1868,0.6262519915933848,0.6371213036365396,0.6153826795502301
928,8.922655741373699,1867,0.6259165593536454,0.6367820136764641,0.6150511050308267
929,8.941820780436199,1866,0.625581127113906,0.6364427160331112,0.6147195381947008
930,8.96372350056966,1865,0.6252456948741667,0.6361034107184678,0.6143879790298656
931,8.96919886271159,1864,0.6249102626344273,0.6357640977445028,0.6140564275243517
932,8.99383989969889,1863,0.624574830394688,0.6354247771231688,0.6137248836662071
933,9.00479125976562,1862,0.6242393981549486,0.6350854488664006,0.6133933474434965
934,9.01574261983236,1861,0.6239039659152091,0.6347461129861166,0.6130618188443017
935,9.06502405802409,1859,0.6232327405618846,0.6340593066928891,0.6124061744308801
936,9.07597541809082,1858,0.6228973085163723,0.6337277031381889,0.6120669138945556
937,9.07871309916178,1857,0.6225618764708599,0.6333883370516907,0.6117354158900291
938,9.10882949829102,1856,0.6222264444253476,0.6330489634010698,0.6114039254496254
939,9.15537325541178,1855,0.6218910123798352,0.6327095821981428,0.6110724425615277
940,9.16632461547852,1854,0.6215555803343229,0.6323701934547099,0.6107409672139359
941,9.180013656616211,1853,0.6212201482888106,0.6320307971825547,0.6104094993950664
942,9.19644101460775,1852,0.6208847162432982,0.631691393393444,0.6100780390931524
943,9.20465405782064,1850,0.6202134895230352,0.6310044993697514,0.609422479676319
944,9.22108141581217,1849,0.6198780576736447,0.6306727785965976,0.6090833367506917
945,9.22929509480794,1848,0.6195426258242542,0.630333345028028,0.6087519066204805
946,9.23203277587891,1847,0.6192071939748638,0.6299939040011472,0.6084204839485804
947,9.27036285400391,1846,0.6188717621254733,0.6296544555276237,0.608089068723323
948,9.30047925313314,1845,0.6185363302760828,0.6293149996191096,0.6077576609330559
949,9.3223819732666,1844,0.6182008984266923,0.6289755362872415,0.6074262605661432
950,9.37713877360026,1843,0.6178654665773019,0.6286360655436388,0.607094867610965
951,9.38809013366699,1842,0.6175300347279113,0.6282965873999056,0.6067634820559171
952,9.50308036804199,1841,0.6171946028785209,0.6279571018676298,0.606432103889412
953,9.50581804911296,1840,0.6168591710291305,0.6276176089583834,0.6061007330998776
954,9.549623489379881,1839,0.61652373917974,0.6272781086837222,0.6057693696757578
955,9.568788528442381,1838,0.6161883073303496,0.6269386010551866,0.6054380136055125
956,9.57426389058431,1837,0.6158528754809591,0.6265990860843007,0.6051066648776176
957,9.579739888509119,1836,0.6155174436315686,0.626259563782573,0.6047753234805642
958,9.59616724650065,1835,0.615182011782178,0.6259200341614962,0.6044439894028598
959,9.626283645629881,1834,0.6148465799327876,0.6255804972325479,0.6041126626330272
960,9.64271036783854,1833,0.614511148083397,0.6252409530071893,0.6037813431596047
961,9.64544804890951,1832,0.6141757162340066,0.6249014014968665,0.6034500309711467
962,9.67282676696777,1831,0.613840284384616,0.6245618427130095,0.6031187260562225
963,9.68925412495931,1829,0.6131690538932167,0.623874748984787,0.6024633588016465
964,9.69199180603027,1828,0.6128336222444787,0.6235427599830106,0.6021244845059468
965,9.69472948710124,1827,0.6124981905957406,0.6232031723948391,0.6017932087966421
966,9.69746780395508,1826,0.6121627589470026,0.6228635775901108,0.6014619403038943
967,9.72758356730143,1825,0.6118273272982645,0.6225239755801635,0.6011306790163655
968,9.73853556315104,1824,0.6114918956495264,0.6221843663763201,0.6007994249227327
969,9.74674860636393,1823,0.6111564640007884,0.6218447499898887,0.6004681780116881
970,9.74948692321777,1822,0.6108210323520503,0.6215051264321617,0.6001369382719389
971,9.76043828328451,1821,0.6104856007033123,0.6211654957144169,0.5998057056922076
972,9.81793276468913,1820,0.6101501690545742,0.6208258578479168,0.5994744802612316
973,9.82067108154297,1819,0.6098147374058361,0.620486212843909,0.5991432619677632
974,9.8316224416097,1818,0.6094793057570981,0.6201465607136263,0.5988120508005699
975,9.8453114827474,1817,0.60914387410836,0.6198069014682865,0.5984808467484335
976,9.85626284281413,1816,0.608808442459622,0.6194672351190927,0.5981496498001512
977,9.87816556294759,1815,0.6084730108108839,0.619127561677233,0.5978184599445348
978,9.94387435913086,1814,0.6081375791621458,0.618787881153881,0.5974872771704107
979,9.949349721272789,1813,0.6078021475134078,0.6184481935601953,0.5971561014666202
980,9.987679799397789,1812,0.6074667158646697,0.6181084989073203,0.5968249328220191
981,9.993155161539711,1811,0.6071312842159317,0.6177687972063854,0.5964937712254779
982,10.012320200602199,1810,0.6067958525671936,0.6174290884685056,0.5961626166658816
983,10.020533879598,1809,0.6064604209184555,0.6170893727047815,0.5958314691321296
984,10.0451742808024,1808,0.6061249892697175,0.6167496499262989,0.5955003286131361
985,10.0561256408691,1807,0.6057895576209794,0.6164099201441293,0.5951691950978295
986,10.0971934000651,1806,0.6054541259722414,0.6160701833693302,0.5948380685751525
987,10.1026693979899,1804,0.6047828907993231,0.6153828616294762,0.59418291996917
988,10.1136207580566,1803,0.6044474593568387,0.6150505629798858,0.5938443557337917
989,10.130048116048199,1802,0.6041120279143544,0.6147107985265908,0.5935132573021179
990,10.1437371571859,1801,0.60377659647187,0.6143710271357936,0.5931821658079464
991,10.1683775583903,1800,0.6034411650293856,0.614031248818466,0.5928510812403052
992,10.220396677653,1799,0.6031057335869012,0.6136914635855655,0.592520003588237
993,10.228610356648801,1798,0.6027703021444168,0.6133516714480357,0.592188932840798
994,10.291580835978198,1797,0.6024348707019325,0.6130118724168062,0.5918578689870587
995,10.3080081939697,1796,0.6020994392594481,0.6126720665027927,0.5915268120161035
996,10.310745875040698,1795,0.6017640078169637,0.6123322537168968,0.5911957619170306
997,10.335386912028,1793,0.6010927707753385,0.6116448351761606,0.5905407063745164
998,10.3819300333659,1792,0.6007573395416469,0.6113124036113409,0.5902022754719529
999,10.390143712361699,1791,0.6004219083079553,0.6109725636310644,0.5898712529848461
1000,10.409308751424199,1790,0.6000864770742637,0.6106327168332629,0.5895402373152644
1001,10.4120464324951,1789,0.599751045840572,0.6102928632287552,0.5892092284523889
1002,10.4394251505534,1787,0.5990798079605043,0.6096053929064745,0.5885542230145341
1003,10.4832305908203,1786,0.5987443769370102,0.6092728897338857,0.5882158641401347
1004,10.5188229878743,1785,0.5984089459135161,0.6089330091963563,0.587884882630676
1005,10.5215606689453,1784,0.598073514890022,0.6085931219060682,0.5875539078739759
1006,10.537987391154,1783,0.5977380838665279,0.6082532278737594,0.5872229398592965
1007,10.554414749145499,1782,0.5974026528430337,0.6079133271101541,0.5868919785759134
1008,10.573579788207999,1781,0.5970672218195396,0.6075734196259638,0.5865610240131155
1009,10.592744827270499,1780,0.5967317907960455,0.6072335054318863,0.5862300761602048
1010,10.614647547404,1779,0.5963963597725515,0.6068935845386061,0.5858991350064968
1011,10.6365502675374,1778,0.5960609287490574,0.6065536569567946,0.5855682005413201
1012,10.6447639465332,1777,0.5957254977255633,0.6062137226971103,0.5852372727540163
1013,10.672142028808599,1776,0.5953900667020692,0.605873781770198,0.5849063516339403
1014,10.6830940246582,1775,0.5950546356785751,0.6055338341866899,0.5845754371704602
1015,10.6940447489421,1774,0.5947192046550809,0.6051938799572049,0.5842445293529569
1016,10.7049967447917,1773,0.5943837736315868,0.604853919092349,0.5839136281708246
1017,10.765229543050099,1772,0.5940483426080926,0.6045139516027149,0.5835827336134702
1018,10.825462341308599,1771,0.5937129115845985,0.6041739774988832,0.5832518456703137
1019,10.888432820638,1770,0.5933774805611044,0.6038339967914207,0.5829209643307881
1020,10.896645863850901,1769,0.5930420495376103,0.6034940094908817,0.5825900895843389
1021,10.899383544921902,1768,0.5927066185141162,0.6031540156078077,0.5822592214204247
1022,10.918548583984402,1767,0.5923711874906221,0.6028140151527274,0.5819283598285169
1023,10.9212862650553,1766,0.592035756467128,0.6024740081361567,0.5815975047980994
1024,10.9240252176921,1765,0.5917003254436339,0.6021339945685988,0.581266656318669
1025,10.965092976888,1764,0.5913648944201398,0.6017939744605446,0.5809358143797351
1026,10.992471059163401,1763,0.5910294633966457,0.6014539478224716,0.5806049789708199
1027,11.019849141438801,1762,0.5906940323731517,0.6011139146648455,0.5802741500814578
1028,11.039014180501301,1760,0.5900227891545459,0.60042621718531,0.5796193611237818
1029,11.041751861572301,1759,0.5896873583477497,0.6000933981689299,0.5792813185265694
1030,11.0746065775553,1758,0.5893519275409534,0.5997533392301875,0.5789505158517194
1031,11.088296254475901,1757,0.5890164967341572,0.5994132738240866,0.5786197196442279
1032,11.091033935546902,1756,0.588681065927361,0.5990732019610177,0.5782889298937044
1033,11.1129366556803,1755,0.5883456351205648,0.5987331236513591,0.5779581465897705
1034,11.118412017822301,1754,0.5880102043137686,0.5983930389054766,0.5776273697220606
1035,11.129364013671902,1753,0.5876747735069724,0.5980529477337239,0.5772965992802209
1036,11.1512667338053,1752,0.5873393427001762,0.5977128501464424,0.57696583525391
1037,11.252567291259801,1751,0.58700391189338,0.5973727461539614,0.5766350776327985
1038,11.274470011393198,1750,0.5866684810865838,0.5970326357665979,0.5763043264065696
1039,11.293635050455698,1749,0.5863330502797875,0.5966925189946571,0.575973581564918
1040,11.329226175944,1748,0.5859976194729913,0.5963523958484319,0.5756428430975508
1041,11.3867212931315,1747,0.5856621886661951,0.596012266338203,0.5753121109941872
1042,11.3894589742025,1746,0.5853267578593989,0.5956721304742395,0.5749813852445583
1043,11.482546488444,1745,0.5849913270526027,0.5953319882667982,0.5746506658384072
1044,11.5838470458984,1744,0.5846558962458065,0.5949918397261242,0.5743199527654888
1045,11.589322408040399,1743,0.5843204654390103,0.5946516848624506,0.57398924601557
1046,11.605749766031899,1742,0.5839850346322141,0.5943115236859986,0.5736585455784295
1047,11.7973988850911,1741,0.5836496038254179,0.5939713562069777,0.573327851443858
1048,11.8795344034831,1740,0.5833141730186217,0.5936311824355855,0.5729971636016578
1049,12.1368929545085,1739,0.5829787422118254,0.593291002382008,0.5726664820416428
1050,12.3422317504883,1738,0.5826433114050292,0.5929508160564193,0.5723358067536392
1051,12.438055674235,1737,0.582307880598233,0.592610623468982,0.5720051377274841
1052,12.520191192627001,1736,0.5819724497914368,0.5922704246298468,0.5716744749530268
1053,12.566735585530601,1735,0.5816370189846406,0.5919302195491531,0.571343818420128
1054,12.632443745931,1734,0.5813015881778444,0.5915900082370287,0.5710131681186601
1055,12.6872011820475,1733,0.5809661573710482,0.5912497907035894,0.5706825240385069
1056,12.741957346598301,1732,0.580630726564252,0.59090956695894,0.5703518861695639
1057,12.7939771016439,1731,0.5802952957574558,0.5905693370131737,0.5700212545017378
1058,12.840520222981802,1730,0.5799598649506595,0.5902291008763723,0.5696906290249468
1059,13.007528940836599,1729,0.5796244341438633,0.5898888585586058,0.5693600097291208
1060,13.0924021402995,1728,0.5792890033370671,0.5895486100699334,0.5690293966042008
1061,13.234770456949901,1727,0.5789535725302709,0.5892083554204027,0.5686987896401391
1062,13.2484601338704,1726,0.5786181417234747,0.58886809462005,0.5683681888268994
1063,13.3607114156087,1725,0.5782827109166785,0.5885278276789002,0.5680375941544568
1064,13.4017791748047,1724,0.5779472801098823,0.5881875546069673,0.5677070056127973
1065,13.434633890787802,1723,0.5776118493030861,0.5878472754142536,0.5673764231919185
1066,13.6125946044922,1722,0.5772764184962899,0.5875069901107509,0.5670458468818288
1067,13.6427103678385,1721,0.5769409876894936,0.5871666987064393,0.566715276672548
1068,13.8069814046224,1720,0.5766055568826974,0.586826401211288,0.5663847125541068
1069,14.198493957519501,1719,0.5762701260759012,0.5864860976352553,0.5660541545165472
1070,14.4175224304199,1718,0.575934695269105,0.586145787988288,0.565723602549922
1071,14.4859682718913,1717,0.5755992644623088,0.5858054722803224,0.5653930566442952
